Player,Pos,Team,1,2,3,4,5,6,7,8,9,10,11,12,13,14,15,16,17
Patrick Peterson ,CB,ARI,72,71,47,83,67,41,80,bye,73,63,70,62,58,60,51,56,58
Adrian Clayborn ,DE,ATL,25,39,50,24,bye,34,32,37,39,40,52,40,31,23,29,27,32
Prince Amukamara ,CB,CHI,0,0,37,27,70,73,72,54,bye,66,59,78,74,53,61,59,66
Marcell Dareus ,DT,Multi,34,18,0,24,22,0,41,0,12,27,24,38,29,33,34,38,43
Cameron Heyward ,DE,PIT,52,56,56,57,46,49,47,59,bye,49,55,50,57,55,53,42,0
Von Miller ,LB,DEN,52,57,55,46,bye,50,51,53,50,55,55,67,65,48,47,62,33
Robert Quinn ,LB,LAR,25,45,42,42,43,49,34,bye,36,0,58,46,50,67,30,56,8
Stephen Paea ,DE,DAL,39,46,31,29,0,bye,0,0,0,0,0,0,0,0,0,0,0
J.J. Watt ,DE,HOU,50,58,57,40,12,0,bye,0,0,0,0,0,0,0,0,0,0
Allen Bailey ,DE,KC,65,60,52,37,46,51,63,55,29,bye,0,16,46,30,45,32,0
Justin Houston ,DE,KC,81,70,65,50,52,64,79,63,49,bye,66,62,80,54,59,56,0
Ryan Kerrigan ,DE,WAS,58,37,42,57,bye,56,53,54,56,46,55,46,56,42,63,39,60
Akeem Ayers ,LB,NYG,0,0,0,0,0,0,0,bye,0,0,3,0,0,0,0,1,0
Corey Liuget ,DT,LAC,47,32,20,50,45,21,0,46,bye,47,29,28,0,26,22,0,0
Cameron Jordan ,DE,NO,64,76,50,47,bye,69,52,64,48,31,69,77,53,74,66,64,83
Jimmy Smith ,CB,BAL,54,71,60,53,7,69,50,57,35,bye,58,64,22,0,0,0,0
Muhammad Wilkerson ,DE,NYJ,68,48,39,61,52,53,54,54,53,58,bye,65,36,57,0,0,0
Brooks Reed ,DE,ATL,32,39,22,36,bye,29,33,18,17,19,16,26,26,26,26,29,21
Jabaal Sheard ,DE,IND,50,57,61,56,64,63,56,49,65,56,bye,49,45,56,66,62,46
Bruce Carter ,LB,NYJ,0,0,0,0,0,1,0,1,4,0,bye,4,0,0,0,0,0
Jarvis Jenkins ,DE,KC,0,0,0,9,6,0,11,20,0,bye,19,23,31,26,9,18,48
Marcus Gilchrist ,S,HOU,22,18,28,31,77,56,bye,68,60,49,50,67,54,69,51,50,63
Terrell McClain ,DT,WAS,29,18,21,33,bye,30,27,38,40,34,11,0,0,0,0,13,34
Kelvin Sheppard ,LB,NYG,0,0,0,0,0,0,0,bye,0,26,0,66,54,63,52,68,57
Jurrell Casey ,DE,TEN,50,39,47,62,42,53,55,bye,62,46,58,53,68,56,68,58,48
Mason Foster ,LB,WAS,69,50,0,32,bye,72,65,0,0,0,0,0,0,0,0,0,0
Shareece Wright ,CB,BUF,11,2,1,26,66,bye,30,64,67,73,0,0,0,23,32,60,0
Chris Conte ,S,TB,bye,57,73,65,74,37,39,38,31,38,25,31,25,68,55,57,58
K.J. Wright ,LB,SEA,82,49,73,56,72,bye,50,71,62,74,58,56,75,37,0,74,68
Da'Norris Searcy ,S,TEN,11,43,41,32,52,44,53,bye,24,10,17,14,0,6,16,0,1
Sam Acho ,LB,CHI,39,32,2,6,29,36,38,36,bye,31,34,64,75,40,51,51,75
Chris Prosinski ,S,CHI,0,0,0,0,0,0,0,0,bye,0,0,0,75,49,4,0,0
Davon House ,CB,GB,49,49,0,0,58,0,67,bye,68,61,58,68,74,30,0,49,28
Buster Skrine ,CB,NYJ,74,55,63,75,75,62,70,0,75,69,bye,62,43,67,66,70,85
Karl Klug ,DE,TEN,15,20,0,35,12,13,26,bye,36,12,26,26,26,22,28,12,16
Richard Sherman ,CB,SEA,82,49,73,58,74,bye,59,71,61,46,0,0,0,0,0,0,0
Chris Carter ,LB,WAS,1,0,0,1,bye,0,0,0,0,0,0,0,0,0,0,0,0
Pernell McPhee ,LB,CHI,4,24,27,34,45,37,44,27,bye,35,41,45,7,0,15,0,0
Byron Maxwell ,CB,Multi,0,55,52,0,0,0,0,0,0,0,59,71,75,65,62,72,69
Colin Jones ,S,CAR,0,0,0,7,36,36,27,0,0,0,bye,0,0,13,28,27,39
Lawrence Guy ,DT,NE,26,30,52,46,41,41,26,32,bye,35,31,21,37,54,48,36,27
Julius Peppers ,DE,CAR,26,32,27,34,29,30,20,29,25,22,bye,39,33,42,37,39,35
Dwight Freeney ,LB,Multi,0,0,0,0,0,0,0,18,25,41,17,0,17,24,32,23,30
Terence Newman ,CB,MIN,41,43,33,32,26,51,45,22,bye,48,26,35,20,30,33,41,30
Terrell Suggs ,LB,BAL,49,49,51,47,44,57,51,55,38,bye,49,59,55,68,51,51,71
James Harrison ,LB,Multi,4,0,3,0,0,15,7,0,0,0,0,0,0,11,0,0,27
Deangelo Hall ,S,WAS,0,0,0,0,bye,0,0,0,83,21,53,0,1,0,0,0,0
Karlos Dansby ,LB,ARI,69,69,43,77,62,66,62,bye,66,58,63,53,54,46,11,71,51
Mike Adams ,S,CAR,57,54,58,69,60,62,37,67,51,56,bye,68,61,69,63,60,72
Adam Jones ,CB,CIN,0,61,57,15,15,bye,0,44,49,27,0,26,5,0,0,0,0
Thomas Davis Sr. ,LB,CAR,57,54,45,37,31,55,38,67,60,45,bye,63,25,74,69,0,72
Derrick Johnson ,LB,KC,81,72,55,50,62,64,73,73,53,bye,35,43,57,43,43,41,0
Haloti Ngata ,DT,DET,40,28,34,27,16,0,bye,0,0,0,0,0,0,0,0,0,0
Tamba Hali ,LB,KC,0,0,0,0,0,0,0,0,23,bye,0,13,0,30,19,14,0
Johnathan Joseph ,CB,HOU,42,22,63,30,66,47,bye,61,51,56,53,40,27,50,46,45,47
Darryl Tapp ,DE,Multi,0,0,0,0,0,0,0,0,0,23,18,15,0,0,0,0,0
Frostee Rucker ,DE,ARI,45,42,31,54,44,42,39,bye,29,41,32,38,35,33,34,34,34
Domata Peko Sr. ,DT,DEN,26,19,35,22,bye,36,38,43,43,48,29,38,0,0,26,35,24
Elvis Dumervil ,LB,SF,16,22,10,28,22,15,15,15,15,36,bye,20,14,26,20,42,25
Kyle Williams ,DT,BUF,43,47,54,58,51,bye,45,47,43,53,38,39,44,46,54,45,51
Antoine Bethea ,S,ARI,60,52,30,49,42,49,68,bye,46,59,56,49,55,44,32,49,0
Ahmad Brooks ,LB,GB,6,0,32,37,23,0,0,bye,0,28,26,48,29,33,47,19,19
Tony McDaniel ,DT,Multi,0,0,0,0,0,0,25,15,17,12,0,0,0,0,0,0,22
Alan Branch ,DT,NE,42,6,21,12,0,22,23,26,bye,31,27,23,27,15,0,0,0
Darrelle Revis ,CB,KC,0,0,0,0,0,0,0,0,0,bye,0,0,36,56,24,47,28
Reggie Nelson ,S,OAK,64,57,68,64,66,65,62,69,67,0,60,51,58,75,65,66,70
Paul Posluszny ,LB,JAC,8,44,26,24,18,18,5,bye,17,27,13,53,68,62,21,39,35
Leon Hall ,CB,SF,0,0,0,0,0,0,0,33,35,10,bye,31,10,19,16,38,13
Charles Johnson ,DE,CAR,28,29,31,36,36,43,25,37,31,32,bye,44,0,0,0,0,17
Lawrence Timmons ,LB,MIA,bye,0,0,74,59,57,56,65,63,73,55,53,41,50,43,58,44
David Harris ,LB,NE,2,1,4,0,0,0,19,21,bye,30,28,21,25,0,30,0,0
Eric Weddle ,S,BAL,60,71,73,73,56,80,66,66,52,bye,66,68,60,89,63,62,79
Brandon Mebane ,DT,LAC,45,35,30,48,34,33,27,47,bye,42,24,25,34,25,34,24,27
Michael Johnson ,DE,CIN,24,0,57,39,49,bye,56,24,55,44,48,41,52,56,41,40,59
Justin Durant ,LB,DAL,2,1,32,48,27,bye,0,0,0,0,25,23,0,0,0,0,0
Brian Robison ,DE,MIN,38,48,37,40,33,41,46,40,bye,65,0,16,24,28,32,44,30
Corey Graham ,S,PHI,18,41,0,0,40,7,32,14,18,bye,10,20,23,10,53,13,68
William Gay ,CB,PIT,26,18,10,28,8,21,13,19,bye,16,16,16,13,11,15,12,22
Lorenzo Alexander ,LB,BUF,25,44,41,65,61,bye,60,36,51,58,37,20,30,48,40,30,27
Tramon Williams Sr. ,CB,ARI,3,4,0,0,0,30,80,bye,72,63,70,58,58,53,50,69,57
Brent Grimes ,CB,TB,bye,57,0,79,74,63,67,0,0,69,64,64,54,68,68,59,58
Cliff Avril ,DE,SEA,59,28,53,11,0,bye,0,0,0,0,0,0,0,0,0,0,0
Calais Campbell ,DE,JAC,63,64,32,64,58,48,43,bye,33,61,45,57,57,38,29,57,53
Chris Long ,DE,PHI,26,20,28,22,29,41,38,34,36,bye,31,27,26,18,38,40,42
Dominique Rodgers-Cromartie ,CB,NYG,52,62,61,52,40,0,16,bye,51,29,48,45,41,25,38,26,20
Aqib Talib ,CB,DEN,58,69,62,54,bye,54,44,59,62,56,50,5,0,50,52,65,10
Pat Sims ,DT,CIN,30,32,10,7,30,bye,40,25,6,0,0,15,31,30,15,8,25
Tyvon Branch ,DB,ARI,72,71,47,84,66,70,80,bye,74,15,0,0,0,0,0,0,0
William Hayes ,DE,MIA,bye,25,24,32,24,14,27,34,30,35,26,0,0,0,0,0,0
Quintin Demps ,S,CHI,59,71,47,0,0,0,0,0,bye,0,0,0,0,0,0,0,0
Brandon Carr ,CB,BAL,61,69,59,75,56,78,66,66,51,bye,27,65,61,86,63,62,78
Orlando Scandrick ,CB,DAL,9,0,70,69,58,bye,58,58,56,56,63,67,51,0,0,0,0
Erik Walden ,LB,TEN,30,36,38,36,33,41,29,bye,30,28,32,24,39,56,64,34,31
Ahtyba Rubin ,DT,Multi,0,0,0,5,0,8,0,21,15,12,15,16,24,10,11,17,8
Wesley Woodyard ,LB,TEN,50,44,60,79,51,58,73,bye,76,51,75,63,76,63,70,67,60
Leger Douzable ,DT,SF,0,0,0,0,0,0,47,57,56,38,bye,0,23,0,0,0,0
Cameron Wake ,LB,MIA,bye,33,40,46,35,43,32,34,33,40,40,40,33,41,39,51,30
Malcolm Jenkins ,S,PHI,63,53,70,58,60,82,64,66,55,bye,63,44,62,48,87,67,6
Rey Maualuga ,LB,MIA,bye,0,0,0,31,16,25,48,27,32,0,0,0,0,0,0,0
Brian Orakpo ,LB,TEN,52,44,51,57,44,51,58,bye,64,41,54,46,60,53,63,53,45
Vontae Davis ,CB,IND,0,0,0,68,72,69,65,56,0,0,bye,0,0,0,0,0,0
Brian Cushing ,LB,HOU,32,0,0,0,0,0,bye,0,0,0,0,0,0,39,42,25,25
Sean Smith ,CB,OAK,48,0,3,60,62,0,19,29,53,0,43,57,60,74,59,66,68
Darius Butler ,CB,IND,54,0,37,15,30,12,23,33,63,52,bye,23,39,15,43,35,30
Clay Matthews ,LB,GB,43,52,49,45,67,65,57,bye,42,53,13,0,56,49,43,0,23
Patrick Chung ,S,NE,45,63,52,34,72,67,55,51,bye,55,68,61,60,65,66,70,45
Dannell Ellerbe ,LB,PHI,0,0,0,0,0,0,0,0,0,bye,0,0,1,0,0,27,48
Ziggy Hood ,DT,WAS,30,19,18,44,bye,43,39,48,59,49,36,35,36,40,32,11,0
Robert Ayers ,DE,TB,bye,48,61,55,48,47,52,51,47,48,43,0,0,55,32,0,0
Jairus Byrd ,S,CAR,0,0,0,0,24,26,10,0,9,0,bye,12,0,6,12,4,33
Connor Barwin ,DE,LAR,36,60,68,56,54,50,43,bye,48,48,62,17,0,0,41,65,8
Michael Mitchell ,S,PIT,44,64,55,0,47,54,45,38,bye,37,0,55,0,63,59,54,64
Roy Miller ,DT,KC,13,9,13,5,7,10,0,0,20,bye,0,0,0,0,0,0,0
Lardarius Webb ,CB,BAL,46,47,28,48,40,24,26,28,4,bye,18,22,15,7,5,4,12
Glover Quin ,S,DET,75,56,68,56,66,37,bye,64,59,81,63,74,64,71,69,83,68
Brandon Williams ,LB,ARI,0,0,0,0,0,1,0,bye,0,0,0,0,0,0,0,0,0
Brice McCain ,CB,TEN,56,20,42,25,1,12,19,bye,9,22,33,20,39,22,26,67,0
Jason McCourty ,CB,CLE,60,68,66,64,52,66,0,0,bye,52,77,60,69,75,73,61,56
Captain Munnerlyn ,CB,CAR,33,29,11,33,30,18,10,33,21,31,bye,0,26,58,0,25,29
Ricky Jean-Francois ,DE,Multi,6,0,12,23,7,7,5,0,0,11,25,4,0,0,20,18,10
Ramon Humber ,LB,BUF,57,64,65,29,0,bye,0,0,50,69,50,45,48,20,24,26,22
Jonathan Casillas ,LB,NYG,62,53,68,62,35,0,0,bye,0,58,58,60,0,0,0,0,0
Michael Bennett ,DE,SEA,66,42,64,51,60,bye,52,59,58,68,55,54,67,57,52,68,58
Ndamukong Suh ,DE,MIA,bye,53,54,67,45,48,53,54,55,59,57,59,49,61,52,65,46
Eric Berry ,S,KC,70,0,0,0,0,0,0,0,0,bye,0,0,0,0,0,0,0
Gerald McCoy ,DT,TB,bye,40,63,67,66,59,66,59,54,53,53,60,55,12,0,49,50
Joe Haden ,CB,PIT,65,64,64,69,53,53,50,69,bye,10,0,0,0,0,0,54,62
Derrick Morgan ,LB,TEN,57,46,51,65,49,27,59,bye,52,42,63,50,62,0,0,45,48
Carlos Dunlap ,DE,CIN,55,53,54,54,55,bye,51,67,54,76,61,53,61,44,38,46,54
Brandon Graham ,DE,PHI,43,38,46,45,43,62,44,43,41,bye,44,34,47,36,62,36,0
Everson Griffen ,DE,MIN,53,60,47,60,56,55,59,54,bye,0,45,55,50,61,39,50,49
Earl Thomas ,S,SEA,82,49,73,56,74,bye,59,64,0,0,62,56,75,66,65,69,71
Jason Pierre-Paul ,DE,NYG,67,59,70,64,71,68,73,bye,54,54,71,64,63,51,63,65,53
Sean Weatherspoon ,LB,ATL,0,0,0,0,bye,0,0,0,0,4,2,0,0,0,0,0,0
Brian Price ,DT,DAL,11,33,18,21,14,bye,25,20,9,0,0,0,0,0,0,0,0
Navorro Bowman ,LB,Multi,66,82,65,83,58,0,60,69,67,0,51,59,62,75,64,66,70
Patrick Robinson ,CB,PHI,52,32,62,33,46,80,46,18,52,bye,43,38,32,48,47,40,42
Devin McCourty ,S,NE,67,65,71,63,72,76,57,56,bye,63,74,64,56,73,66,70,40
Jerry Hughes ,DE,BUF,46,46,47,55,51,bye,50,42,49,25,39,40,52,48,47,45,53
Nate Allen ,S,MIA,bye,58,45,74,59,57,55,14,0,0,0,0,0,0,0,0,0
Kareem Jackson ,S,HOU,45,59,62,28,74,53,bye,66,65,58,49,54,45,58,46,54,52
Morgan Burnett ,S,GB,49,58,61,65,47,0,0,bye,43,0,0,74,76,58,71,64,58
Sean Lee ,LB,DAL,57,77,76,0,0,bye,49,57,54,8,0,0,0,66,66,57,56
Geno Atkins ,DT,CIN,41,50,55,49,49,bye,41,57,57,69,54,47,46,12,28,50,49
Tyson Alualu ,DT,PIT,54,53,57,14,13,7,41,53,bye,12,15,7,11,14,18,17,49
T.J. Ward ,S,TB,bye,28,46,0,0,36,24,27,39,31,39,33,0,0,21,61,20
Willie Young ,LB,CHI,20,31,39,29,0,0,0,0,bye,0,0,0,0,0,0,0,0
Lamarr Houston ,LB,Multi,0,0,0,0,0,9,0,38,45,29,25,0,68,38,41,40,44
Linval Joseph ,DT,MIN,35,48,29,43,42,39,41,36,bye,58,41,39,40,52,30,46,45
Earl Mitchell ,DT,SF,38,50,49,40,47,49,38,51,48,25,bye,43,18,25,28,35,39
Corey Peters ,DT,ARI,44,44,35,57,31,37,39,bye,32,30,0,0,0,0,30,32,32
Alterraun Verner ,CB,MIA,bye,0,9,1,0,0,0,0,0,0,0,14,46,50,28,9,0
Al Woods ,DT,IND,38,31,27,31,40,45,34,27,32,34,bye,39,42,50,37,36,22
Kam Chancellor ,S,SEA,82,49,73,56,74,bye,59,71,63,71,0,0,0,0,0,0,0
Nolan Carroll ,CB,DAL,57,25,0,0,0,bye,0,0,0,0,0,0,0,0,0,0,0
Cam Thomas ,DT,KC,0,0,0,0,0,0,0,0,0,bye,15,0,0,0,0,0,0
Arthur Jones ,DT,WAS,0,0,0,0,bye,0,0,0,23,0,0,0,0,0,0,0,0
Reshad Jones ,S,MIA,bye,58,63,70,58,57,56,62,63,68,66,69,61,61,62,74,67
Arthur Moats ,LB,PIT,4,2,3,2,2,0,0,5,bye,2,15,2,10,19,0,0,18
Dekoda Watson ,LB,SF,15,1,0,13,0,0,9,12,15,21,bye,0,0,0,0,2,0
Kurt Coleman ,S,CAR,57,54,58,23,0,0,0,67,60,56,bye,71,64,74,69,64,0
Robert McClain ,CB,TB,bye,43,52,59,59,32,65,0,60,0,47,37,41,54,44,59,38
Barry Church ,S,JAC,76,68,48,70,74,58,58,bye,39,68,54,72,69,61,48,65,58
Frank Zombo ,LB,KC,7,7,44,47,53,30,6,45,62,bye,69,50,74,23,38,33,0
Sherrick McManis ,CB,CHI,0,0,1,0,2,0,0,0,bye,0,0,9,3,5,6,0,5
Junior Galette ,LB,WAS,16,19,15,26,bye,24,27,16,31,19,34,19,19,35,33,42,32
Kyle Love ,DT,CAR,14,20,23,32,28,19,16,26,21,17,bye,28,30,25,22,24,31
Darian Stewart ,S,DEN,46,63,62,49,bye,53,57,61,62,63,52,61,65,50,54,67,23
Andrew Sendejo ,S,MIN,62,75,53,70,61,0,65,0,bye,55,0,59,53,64,38,67,56
Rafael Bush ,S,NO,0,2,2,5,bye,21,2,4,0,21,21,24,13,0,4,27,35
Nick Bellore ,LB,DET,0,0,35,42,10,3,bye,16,0,1,0,4,3,0,0,3,2
Tom Johnson ,DE,MIN,45,54,40,43,42,39,35,42,bye,53,33,45,34,33,37,60,40
Bryan Braman ,LB,Multi,0,0,0,0,0,0,0,0,0,0,0,0,0,0,0,0,12
Mario Addison ,DE,CAR,36,38,45,45,31,24,18,46,45,38,bye,44,46,52,47,44,51
Mitch Unrein ,DT,CHI,31,35,31,25,29,40,28,38,bye,50,27,41,15,0,0,0,0
Chris Harris Jr. ,CB,DEN,55,69,60,51,bye,54,46,52,59,58,49,64,66,50,54,67,15
Ron Parker ,S,KC,81,72,73,50,64,64,82,73,67,bye,69,69,91,61,60,56,0
Clinton McDonald ,DT,TB,bye,24,45,32,37,25,20,27,29,33,27,27,0,0,54,43,38
Tramaine Brock ,CB,MIN,0,0,13,1,0,0,0,0,bye,14,11,2,0,0,10,0,0
Vincent Rey ,LB,CIN,51,66,61,15,3,bye,32,20,37,73,10,0,0,70,52,49,67
Marcus Sherels ,CB,MIN,0,0,0,0,0,0,0,0,bye,0,11,0,0,1,9,0,0
Sterling Moore ,CB,NO,0,32,0,0,bye,0,0,0,0,0,0,25,39,6,0,0,2
Josh Bynes ,LB,ARI,30,15,9,0,2,1,17,bye,1,1,2,57,58,11,30,0,0
Melvin Ingram III ,DE,LAC,59,50,45,67,59,50,51,78,bye,80,40,44,57,36,61,58,54
Nick Perry ,LB,GB,42,53,0,33,48,57,54,bye,38,48,39,50,56,0,24,0,0
Andre Branch ,DE,MIA,bye,43,40,50,39,48,18,0,36,39,41,40,36,50,0,35,47
Chandler Jones ,LB,ARI,72,67,45,84,66,69,76,bye,73,61,70,62,58,60,51,71,58
Whitney Mercilus ,LB,HOU,55,51,64,26,7,0,bye,0,0,0,0,0,0,0,0,0,0
Vinny Curry ,DE,PHI,37,33,46,31,34,40,27,32,34,bye,34,26,35,30,46,49,43
Jerel Worthy ,DT,BUF,0,0,0,23,0,bye,29,14,23,26,0,0,0,0,0,0,0
Dontari Poe ,DT,ATL,43,43,51,46,bye,52,57,47,51,50,61,55,51,45,44,53,45
Fletcher Cox ,DT,PHI,43,44,18,0,0,65,51,45,40,bye,46,35,51,37,69,60,3
Michael Brockers ,DT,LAR,32,51,60,58,54,46,31,bye,36,45,59,41,41,72,36,55,11
Courtney Upshaw ,LB,ATL,18,1,0,0,bye,0,19,9,17,19,20,25,24,8,13,13,11
Sean Spence ,LB,Multi,0,0,0,0,0,0,0,0,0,0,0,0,0,34,44,43,43
Bruce Irvin ,DE,OAK,63,39,54,58,49,58,59,62,64,0,46,49,50,51,58,61,60
Lavonte David ,LB,TB,bye,53,70,0,0,61,67,65,60,69,64,64,55,68,0,61,56
Keenan Robinson ,LB,NYG,0,0,54,19,59,68,67,bye,25,0,0,0,0,0,0,0,0
Zach Brown ,LB,WAS,69,49,51,74,bye,72,65,68,82,61,71,55,61,56,0,0,0
Vontaze Burfict ,LB,CIN,0,0,0,52,67,bye,69,74,75,29,77,70,49,0,0,26,0
Luke Kuechly ,LB,CAR,57,54,58,70,61,30,0,67,60,45,bye,71,64,74,69,64,72
Dont'a Hightower ,LB,NE,35,0,0,37,62,69,34,0,bye,0,0,0,0,0,0,0,0
Bobby Wagner ,LB,SEA,82,49,73,56,74,bye,59,71,64,80,62,56,75,31,46,74,71
Morris Claiborne ,CB,NYJ,75,57,54,78,76,67,73,43,0,16,bye,67,46,58,66,70,73
Dre Kirkpatrick ,CB,CIN,65,66,63,48,6,bye,66,62,65,88,76,63,66,0,0,61,73
Janoris Jenkins ,CB,NYG,74,0,65,64,76,78,67,bye,0,61,75,59,0,0,0,0,0
Mark Barron ,LB,LAR,41,68,79,68,68,69,32,bye,58,63,78,56,57,85,3,0,0
Harrison Smith ,S,MIN,62,75,53,70,61,66,65,59,bye,75,48,59,53,65,38,67,56
George Iloka ,S,CIN,58,66,53,41,68,bye,54,42,73,90,81,70,66,76,14,61,76
Stephon Gilmore ,CB,NE,68,65,60,62,71,0,0,0,bye,63,58,61,53,73,66,70,47
Leonard Johnson ,CB,BUF,46,46,54,46,15,bye,53,59,31,17,36,58,35,0,62,51,64
Casey Hayward ,CB,LAC,64,68,53,77,69,58,64,85,bye,75,37,55,63,49,66,64,54
Derek Wolfe ,DE,DEN,42,52,51,45,bye,43,46,43,54,40,40,2,0,0,0,0,0
Mychal Kendricks ,LB,PHI,23,20,49,24,28,55,0,52,48,bye,56,38,53,38,61,54,15
Tavon Wilson ,S,DET,74,23,0,25,66,65,bye,64,47,75,62,45,0,0,0,0,0
Trumaine Johnson ,CB,LAR,35,64,76,69,68,67,45,bye,55,61,78,57,64,73,46,68,8
Josh Robinson ,CB,TB,bye,0,0,1,0,0,0,0,0,0,0,0,0,0,0,0,0
Olivier Vernon ,DE,NYG,72,60,59,22,0,0,0,bye,0,54,62,62,65,59,64,66,53
Demario Davis ,LB,NYJ,77,57,63,78,76,68,73,66,75,71,bye,71,47,70,67,72,85
Tyrone Crawford ,DT,DAL,23,37,52,40,37,bye,38,36,40,39,41,32,35,46,57,41,33
John Hughes ,DT,NO,0,0,0,0,bye,0,0,11,0,17,5,36,22,33,23,12,0
Akiem Hicks ,DE,CHI,49,49,56,45,60,64,63,59,bye,66,61,54,70,48,51,48,56
Nigel Bradham ,LB,PHI,63,53,70,57,45,78,64,66,55,bye,63,44,62,48,87,67,0
Kyle Wilber ,LB,DAL,0,3,1,2,13,bye,7,1,0,4,8,0,0,0,1,0,0
Coty Sensabaugh ,CB,PIT,0,0,0,0,0,0,0,0,bye,49,64,54,40,35,0,0,0
Mike Daniels ,DT,GB,38,7,0,0,51,53,54,bye,52,43,51,53,58,53,44,42,31
Malik Jackson ,DT,JAC,58,45,29,64,55,42,41,bye,30,57,44,48,53,47,34,56,52
Tahir Whitehead ,LB,DET,51,45,68,53,56,63,bye,47,35,63,60,74,64,71,69,84,48
Najee Goode ,LB,PHI,0,1,12,0,8,5,49,1,13,bye,0,17,18,0,8,9,59
Brandon Marshall ,LB,DEN,51,55,57,51,bye,44,58,62,69,62,55,66,67,50,49,63,50
Josh Norman ,CB,WAS,69,47,47,26,bye,0,0,68,83,61,71,57,67,72,82,74,78
Korey Toomer ,LB,LAC,26,12,42,16,0,34,15,25,bye,34,15,0,0,0,2,25,18
Jack Crawford ,DE,ATL,31,39,19,12,bye,0,0,0,0,0,0,0,0,0,0,0,0
Asa Jackson ,CB,SF,0,0,0,1,0,0,0,0,0,0,bye,0,0,0,0,0,0
Jeremy Lane ,CB,SEA,8,49,72,4,0,bye,0,6,0,46,61,56,2,0,34,2,6
Keith Tandy ,S,TB,bye,36,28,49,0,0,5,0,0,0,0,0,30,0,35,4,38
Justin Bethel ,CB,ARI,70,66,44,84,65,69,0,bye,0,3,7,9,4,5,5,15,7
Danny Trevathan ,LB,CHI,42,60,62,55,0,72,70,60,bye,0,0,0,66,44,63,54,65
Steve McLendon ,DT,NYJ,47,17,12,33,27,24,20,29,37,30,bye,22,15,32,50,51,43
Anthony Levine Sr. ,CB,BAL,15,23,16,15,14,8,5,15,10,bye,18,12,17,35,34,21,4
Jerrell Freeman ,LB,CHI,56,0,0,0,0,0,0,0,bye,0,0,0,0,0,0,0,0
L.J. Fort ,LB,PIT,1,0,1,0,1,0,1,1,bye,0,0,0,17,8,15,12,20
Cedric Thornton ,DT,BUF,13,31,37,36,15,bye,0,23,20,32,36,21,26,25,23,28,21
Julian Stanford ,LB,NYJ,15,0,9,3,4,0,13,0,0,0,bye,0,47,0,1,0,0
Tashaun Gipson Sr. ,S,JAC,78,68,48,70,80,58,62,bye,38,69,55,73,69,62,57,65,61
Johnson Bademosi ,CB,NE,0,0,0,0,0,73,55,56,bye,0,18,0,0,0,0,0,12
Craig Robertson ,LB,NO,17,17,11,49,bye,62,55,46,52,35,69,64,47,72,66,55,73
Rodney McLeod ,S,PHI,63,12,0,57,60,81,64,66,64,bye,60,55,60,48,87,67,0
Derrick Shelby ,DE,ATL,26,30,20,35,bye,29,30,22,24,18,15,30,31,23,23,25,18
Robert Golden ,S,PIT,1,1,0,0,4,0,4,33,bye,24,65,1,64,1,2,2,4
Emmanuel Lamur ,LB,MIN,0,0,7,0,1,38,0,3,bye,0,13,0,1,0,14,0,1
Chris Baker ,DE,TB,bye,25,0,22,30,33,30,35,36,29,32,34,32,43,37,28,9
Damontre Moore ,DE,DAL,0,0,26,21,11,bye,0,0,0,0,0,0,0,0,0,0,0
Alex Okafor ,DE,NO,54,59,46,42,bye,55,41,54,44,41,50,0,0,0,0,0,0
Dion Jordan ,DE,SEA,0,0,0,0,0,bye,0,0,0,33,19,0,0,0,19,32,32
William Gholston ,DE,TB,bye,33,50,29,37,43,35,29,21,0,0,37,32,17,33,29,22
Ezekiel Ansah ,DE,DET,34,28,33,36,35,42,bye,47,38,0,0,32,31,38,36,46,40
Lavar Edwards ,DE,CLE,0,0,0,0,0,0,0,0,bye,0,0,0,0,0,21,19,7
Devin Taylor ,DE,NYG,0,0,0,0,0,0,0,bye,7,3,0,0,0,0,0,0,0
Cornellius Carradine ,LB,SF,31,21,28,0,0,0,0,0,0,0,bye,29,0,26,27,27,25
Datone Jones ,DE,Multi,0,0,0,0,0,0,0,28,44,16,0,0,0,21,25,36,34
John Simon ,LB,IND,53,60,63,61,68,62,17,0,0,0,bye,46,41,0,0,0,0
Margus Hunt ,DE,IND,20,31,31,15,26,24,38,25,33,52,bye,41,38,57,57,47,43
Abry Jones ,DT,JAC,41,46,21,38,38,35,21,bye,20,48,22,39,27,32,32,29,0
Star Lotulelei ,DT,CAR,44,25,31,40,42,42,20,39,35,35,bye,34,35,45,43,40,39
Johnathan Hankins ,DT,IND,53,31,38,35,45,52,40,30,38,54,bye,55,55,60,54,48,0
Akeem Spence ,DT,DET,35,27,34,28,37,52,bye,48,33,48,52,49,37,46,37,62,37
Sheldon Richardson ,DE,SEA,54,39,51,39,45,bye,37,55,0,41,47,29,46,43,40,40,48
Sylvester Williams ,DT,TEN,14,22,16,43,19,0,23,bye,17,10,20,16,34,31,33,28,23
John Jenkins ,DT,CHI,0,0,0,0,0,0,0,2,bye,4,0,22,22,14,9,12,25
Bennie Logan ,DT,KC,44,37,42,32,41,46,42,39,49,bye,52,48,42,9,30,20,0
Manti Te'o ,LB,NO,16,39,16,7,bye,24,18,22,16,40,49,3,16,57,72,48,58
Alec Ogletree ,LB,LAR,41,71,79,71,68,69,45,bye,58,63,78,57,23,87,45,68,0
Barkevious Mingo ,LB,IND,15,16,23,7,7,16,41,43,46,44,bye,13,17,53,63,58,41
Jon Bostic ,LB,IND,65,66,77,68,72,70,68,53,71,67,bye,58,65,67,48,0,0
Michael Mauti ,LB,NO,0,0,0,0,bye,0,0,0,0,4,30,0,0,20,9,0,0
Gerald Hodges ,LB,NO,0,0,0,0,bye,0,0,0,0,11,0,0,0,0,0,1,0
Jelani Jenkins ,LB,Multi,0,0,0,0,0,0,0,0,14,31,21,11,0,0,0,4,0
Kiko Alonso ,LB,MIA,bye,58,63,74,59,57,56,65,63,73,66,70,61,61,62,79,40
Kevin Minter ,LB,CIN,38,19,18,9,32,bye,10,0,0,0,0,17,21,34,0,0,0
Desmond Trufant ,CB,ATL,65,72,67,60,bye,64,72,54,61,56,69,25,0,52,59,64,61
Tyrann Mathieu ,S,ARI,72,71,47,84,66,69,77,bye,73,63,70,63,58,60,51,71,58
Xavier Rhodes ,CB,MIN,45,61,46,70,59,66,65,59,bye,61,45,59,53,63,38,67,47
David Amerson ,CB,OAK,64,57,66,9,0,64,28,0,0,0,0,0,0,0,0,0,0
Logan Ryan ,CB,TEN,66,66,73,80,59,58,73,bye,76,51,74,63,48,65,24,0,46
Jordan Poyer ,S,BUF,58,69,70,76,66,bye,72,0,67,72,74,58,70,71,74,71,71
Jamar Taylor ,CB,CLE,60,68,66,59,52,66,69,84,bye,52,78,60,70,71,0,61,49
Johnthan Banks ,CB,HOU,0,0,19,26,43,0,bye,0,0,0,0,0,0,0,0,0,0
Eric Reid ,S,SF,67,51,0,0,0,10,48,33,77,66,bye,68,37,67,63,87,62
Kenny Vaccaro ,S,NO,65,49,59,52,bye,82,57,69,28,0,0,77,57,29,73,0,0
T.J. McDonald ,S,MIA,bye,0,0,0,0,0,0,0,0,71,66,67,72,61,56,79,67
Tony Jefferson ,S,BAL,61,71,69,76,56,80,66,66,52,bye,68,68,61,87,63,62,79
Shawn Williams ,S,CIN,0,64,58,32,48,bye,68,74,32,0,75,0,0,0,50,31,46
Kawann Short ,DT,CAR,47,41,39,50,44,44,27,46,41,40,bye,47,46,51,48,43,49
D.J. Hayden ,CB,DET,41,18,28,32,23,25,bye,23,30,48,25,34,22,20,24,35,60
Johnathan Cyprien ,S,TEN,55,0,0,0,0,0,0,bye,62,43,67,49,81,63,58,67,60
Darius Slay ,CB,DET,75,56,67,56,66,69,bye,63,56,78,62,73,63,65,66,81,68
Jamie Collins Sr. ,LB,CLE,59,55,0,0,0,54,71,84,bye,7,0,0,0,0,0,0,0
D.J. Swearinger Sr. ,S,WAS,67,50,51,76,bye,71,64,68,83,61,71,57,67,72,82,74,78
Robert Alford ,CB,ATL,67,75,70,60,bye,67,73,61,66,63,71,67,66,52,59,64,61
Blidi Wreh-Wilson ,CB,ATL,0,0,1,0,bye,0,2,0,0,0,0,0,57,0,0,5,0
J.J. Wilcox ,S,PIT,20,0,35,69,6,1,1,1,bye,0,1,0,0,0,0,0,0
Kayvon Webster ,CB,LAR,23,0,0,67,62,64,45,bye,58,70,25,56,63,19,0,0,0
Duron Harmon ,S,NE,62,52,50,55,63,50,50,50,bye,47,36,28,30,25,27,38,40
Brandon Williams ,DT,BAL,34,19,0,0,0,0,45,39,42,bye,44,47,32,63,27,38,45
Shamarko Thomas ,S,BUF,0,0,0,0,0,bye,0,1,0,5,0,0,0,0,0,0,0
Steven Means ,DE,PHI,0,0,0,5,3,1,0,0,0,bye,0,6,0,0,0,0,39
A.J. Klein ,LB,NO,65,76,59,52,bye,81,55,67,59,9,0,77,57,7,0,0,0
Quinton Dial ,DT,GB,0,33,18,33,27,21,31,bye,0,0,25,34,26,8,17,18,18
Micah Hyde ,S,BUF,58,67,70,76,66,bye,72,65,67,70,46,58,70,71,71,68,71
Cornelius Washington ,DE,DET,40,27,32,23,26,0,bye,26,24,48,45,37,26,31,31,41,31
Nate Palmer ,LB,TEN,0,0,0,12,1,2,5,bye,0,0,3,0,0,1,2,0,0
Stacy McGee ,DT,WAS,32,19,17,32,bye,31,29,23,32,34,33,21,29,31,31,22,17
Vince Williams ,LB,PIT,55,47,55,41,46,26,38,54,bye,45,49,43,54,53,44,43,43
David Bass ,LB,Multi,17,8,16,48,56,28,29,0,22,0,0,10,3,28,31,19,35
David King ,DT,TEN,0,19,16,0,14,11,0,bye,0,0,0,0,0,22,23,0,7
Kemal Ishmael ,S,ATL,0,0,0,0,bye,3,28,4,4,4,9,9,5,13,22,11,5
Marcus Cooper ,CB,CHI,59,71,40,29,0,0,7,6,bye,1,12,0,1,2,6,1,11
Paul Worrilow ,LB,DET,12,12,42,1,0,0,bye,0,0,29,25,35,34,27,19,24,12
Lerentee McCray ,LB,JAC,6,0,0,0,0,0,3,bye,3,1,3,1,3,0,1,0,0
LaRoy Reynolds ,LB,ATL,0,0,0,0,bye,0,0,0,0,0,5,3,4,2,0,0,0
Ray-Ray Armstrong ,LB,Multi,45,69,65,64,58,61,27,37,1,0,0,0,0,0,4,27,22
Michael Wilhoite ,LB,SEA,0,23,41,22,6,bye,16,15,10,14,0,33,11,47,23,27,19
Benson Mayowa ,DE,DAL,29,40,31,35,23,bye,0,27,19,26,23,36,26,41,3,22,0
Damion Square ,DT,LAC,23,23,14,29,24,19,25,34,bye,24,29,20,20,13,23,25,17
Damon Harrison Sr. ,DT,NYG,47,42,44,40,45,32,45,bye,39,31,33,35,35,40,50,48,38
Jahleel Addae ,S,LAC,68,66,53,79,69,58,64,86,bye,84,51,55,63,49,66,64,54
Nickell Robey-Coleman ,CB,LAR,32,71,75,39,41,36,33,bye,31,37,9,0,38,85,42,43,44
Jonathan Freeny ,LB,Multi,0,0,0,0,0,0,0,0,0,0,0,0,0,18,0,2,27
A.J. Bouye ,CB,JAC,79,66,48,70,78,58,67,bye,39,69,55,73,69,62,48,64,65
Brynden Trawick ,S,TEN,4,0,0,0,0,0,0,bye,0,0,0,0,0,0,0,0,0
Wes Horton ,DE,CAR,24,18,16,25,20,27,8,22,22,22,bye,22,24,30,30,26,22
Bradley McDougald ,S,SEA,1,6,2,4,2,bye,17,13,64,80,62,71,75,66,68,74,71
A.J. Francis ,DT,WAS,0,0,0,0,bye,0,0,0,0,0,0,14,25,26,29,26,44
Joe Vellano ,DT,Multi,0,0,17,16,0,14,18,0,0,0,0,0,0,0,0,0,0
Terence Garvin ,LB,SEA,31,0,0,6,0,bye,0,0,4,0,38,19,0,33,65,0,0
Chris Maragos ,S,PHI,0,0,70,0,0,0,0,0,0,bye,0,0,0,0,0,0,0
Chris Banjo ,S,NO,0,0,0,0,bye,0,0,0,10,11,0,0,0,11,0,0,2
Rashaan Melvin ,CB,IND,48,66,76,68,71,59,7,0,71,67,bye,20,0,0,0,0,0
Darryl Morris ,CB,Multi,0,0,0,0,0,0,0,0,0,0,0,0,11,21,16,27,38
Cody Davis ,S,LAR,23,15,60,58,45,49,0,bye,0,0,0,0,0,0,0,0,31
Jeff Heath ,S,DAL,57,76,79,55,49,bye,59,43,47,45,0,62,56,77,65,52,59
Tyrunn Walker ,DT,LAR,25,28,29,15,8,15,9,bye,17,13,26,11,14,22,18,16,42
Eddie Pleasant ,S,HOU,14,27,31,18,18,29,bye,16,22,19,20,19,12,17,18,13,13
Ryan Davis ,DE,BUF,21,26,27,32,17,bye,22,28,25,39,36,18,28,28,36,37,38
Sealver Siliga ,DT,TB,bye,5,25,0,0,12,0,0,0,0,0,0,12,17,22,8,16
Jadeveon Clowney ,DE,HOU,53,55,54,32,71,43,bye,67,66,54,52,63,54,65,51,51,64
Stephon Tuitt ,DE,PIT,2,0,0,56,48,47,0,0,bye,49,53,48,57,55,52,45,59
Kony Ealy ,DE,NYJ,43,35,42,36,0,36,33,39,41,28,bye,27,27,15,19,20,10
Dee Ford ,DE,KC,74,67,34,0,0,34,80,28,0,bye,0,0,0,0,0,0,0
Aaron Lynch ,LB,SF,0,30,14,25,22,19,0,0,0,0,bye,0,0,27,20,0,0
Tim Jernigan ,DE,PHI,40,33,50,43,46,25,17,29,20,bye,30,26,31,30,41,33,0
Daniel McCullers ,DT,PIT,0,0,7,0,0,0,2,0,bye,0,2,0,0,0,0,0,2
Anthony Barr ,LB,MIN,62,75,49,70,61,28,65,56,bye,75,46,59,53,65,38,67,56
Khalil Mack ,LB,OAK,64,45,51,53,57,55,62,58,66,0,53,54,51,70,59,67,66
Ryan Shazier ,LB,PIT,66,65,65,67,54,54,51,71,bye,60,63,53,3,0,0,0,0
Kyle Van Noy ,LB,NE,68,65,71,63,66,65,52,56,bye,62,64,51,15,0,0,0,12
Christian Jones ,LB,CHI,0,47,36,28,69,56,57,37,bye,66,55,48,52,10,9,22,31
Jeremiah Attaochu ,LB,LAC,0,0,0,0,0,0,21,0,bye,0,32,0,6,0,0,0,0
C.J. Mosley ,LB,BAL,61,71,73,76,56,79,66,59,52,bye,66,68,58,89,63,61,79
Bradley Roby ,CB,DEN,40,62,30,42,bye,23,36,40,49,29,36,62,58,35,37,32,63
Darqueze Dennard ,CB,CIN,65,48,52,56,62,bye,40,54,42,67,82,53,59,69,60,53,37
Aaron Colvin ,CB,JAC,71,24,37,47,56,40,53,bye,33,38,41,53,56,52,42,27,30
Hasean Clinton-Dix ,S,GB,49,58,61,60,74,77,76,bye,68,61,59,74,76,58,71,64,58
Lamarcus Joyner ,S,LAR,35,71,21,0,0,0,45,bye,56,60,78,56,63,91,46,66,0
Aaron Donald ,DT,LAR,0,48,68,59,53,61,41,bye,46,53,70,52,54,82,38,65,0
Kyle Fuller ,CB,CHI,59,67,51,50,70,73,65,60,bye,66,55,78,75,54,63,59,72
Jason Verrett ,CB,LAC,62,0,0,0,0,0,0,0,bye,0,0,0,0,0,0,0,0
Marcus Smith II ,DE,SEA,15,0,16,27,37,bye,16,22,12,0,2,39,23,19,18,8,0
Deone Bucannon ,LB,ARI,0,0,0,42,67,70,80,bye,74,63,70,5,0,58,46,71,58
Jimmie Ward ,CB,SF,0,38,65,86,76,74,75,15,0,0,bye,0,0,0,0,0,0
Demarcus Lawrence ,DE,DAL,35,45,57,48,49,bye,52,37,41,42,39,46,35,59,54,34,29
Christian Kirksey ,LB,CLE,60,68,66,64,53,66,72,85,bye,52,78,61,70,76,76,62,59
Jay Bromley ,DT,NYG,13,10,21,33,42,36,35,bye,28,37,33,37,25,23,20,23,9
Preston Brown ,LB,BUF,58,69,70,76,66,bye,72,65,67,72,69,58,70,71,74,71,71
Dexter McDougle ,CB,Multi,0,0,0,1,3,0,7,32,10,0,0,0,0,0,0,0,0
Kareem Martin ,LB,ARI,7,6,2,13,19,26,26,bye,49,19,32,47,54,39,43,44,32
Khyri Thornton ,DT,Multi,0,0,0,0,0,0,0,10,18,30,10,0,0,0,0,0,0
Phillip Gaines ,CB,KC,53,57,55,29,54,37,74,0,0,bye,29,0,3,0,0,0,29
Will Clarke ,DE,TB,bye,0,9,16,6,9,14,13,18,20,21,30,34,27,37,34,25
Jaylen Watkins ,CB,PHI,15,14,0,0,0,0,17,28,13,bye,0,11,0,1,6,1,62
Bashaud Breeland ,CB,WAS,66,50,46,76,bye,39,53,0,39,60,65,52,62,28,75,66,78
Justin Ellis ,DT,OAK,21,15,26,28,43,44,45,47,16,0,38,14,17,35,35,15,24
Cassius Marsh ,DE,Multi,23,31,31,18,50,39,44,28,0,0,2,27,11,33,34,48,36
Ross Cockrell ,CB,NYG,0,39,9,0,35,34,21,bye,64,12,74,71,65,63,67,68,57
Maurice Alexander ,S,LAR,33,70,79,44,0,0,0,bye,0,0,0,0,0,0,0,0,0
DaQuan Jones ,DT,TEN,34,32,34,41,33,34,53,bye,44,28,39,38,26,0,0,0,0
Keith McGill ,S,OAK,0,0,0,0,6,12,7,7,0,0,0,2,3,11,5,4,12
Anthony Hitchens ,LB,DAL,0,0,0,0,50,bye,41,26,28,62,49,66,57,59,32,40,36
Walt Aikens ,S,MIA,bye,0,0,0,0,0,0,0,0,0,0,1,9,0,0,0,4
Pierre Desir ,CB,IND,0,0,76,0,32,8,0,56,71,60,bye,55,18,0,0,0,0
Tre Boston ,S,LAC,68,68,53,79,69,58,64,85,bye,82,62,55,63,50,66,63,54
Dontae Johnson ,CB,SF,67,82,63,86,72,57,63,53,77,66,bye,67,32,52,63,70,55
Kevin Pierre-Louis ,LB,KC,2,1,19,0,21,18,6,2,39,bye,34,26,35,18,16,15,0
Nevin Lawson ,CB,DET,32,38,41,24,42,43,bye,27,32,31,34,35,32,47,48,49,0
Brent Urban ,DE,BAL,50,54,19,0,0,0,0,0,0,bye,0,0,0,0,0,0,0
Telvin Smith Sr. ,LB,JAC,79,68,53,70,80,58,67,bye,39,69,55,29,0,0,48,66,65
Ricardo Allen ,S,ATL,67,73,55,0,bye,67,73,61,65,63,71,65,61,49,59,64,61
Bene Benwikere ,CB,DAL,0,0,0,0,0,bye,4,0,0,0,0,0,0,0,0,0,6
Avery Williamson ,LB,TEN,43,60,35,55,48,31,35,bye,43,22,27,41,48,29,42,53,42
Nat Berhe ,S,NYG,0,3,0,7,6,13,4,bye,6,1,0,0,0,0,0,0,0
Jeremiah George ,LB,IND,8,52,7,0,7,5,9,14,27,16,bye,11,9,0,2,11,4
Caraun Reid ,DT,Multi,0,0,0,0,0,18,0,0,0,0,0,0,0,0,0,0,0
Chris Smith ,DE,CIN,28,34,22,27,18,bye,11,34,26,29,41,31,18,25,23,22,12
Ed Stinson ,DE,NYJ,0,0,0,0,19,13,11,8,0,0,bye,0,0,0,0,0,0
Keith Reaser ,CB,Multi,0,0,0,0,0,0,0,0,0,0,0,0,0,0,0,0,50
Devon Kennard ,LB,NYG,33,32,40,36,42,60,53,bye,19,0,16,37,46,35,28,34,33
Kenneth Acker ,CB,KC,0,2,1,0,0,0,11,73,47,bye,2,1,1,2,10,3,55
Antone Exum Jr. ,S,Multi,0,0,0,0,0,0,0,0,0,0,0,41,0,0,0,0,0
E.J. Gaines ,CB,BUF,47,65,69,50,0,bye,41,0,0,0,74,58,70,71,39,0,71
Brandon Dixon ,CB,NYG,0,0,0,0,0,0,0,bye,0,0,0,0,64,63,4,68,57
Marquis Flowers ,LB,NE,0,0,2,22,0,0,0,8,bye,19,32,21,35,51,7,55,31
Dre Hal ,S,HOU,52,64,63,31,77,59,bye,69,57,53,55,67,54,73,57,52,56
T.J. Carrie ,CB,OAK,59,57,68,64,62,64,62,68,67,0,60,57,61,75,63,67,70
Shamar Stephen ,DT,MIN,27,36,13,35,18,30,24,19,bye,39,32,18,21,39,25,10,0
Beau Allen ,DT,PHI,25,15,50,39,27,41,21,29,30,bye,15,0,23,14,32,22,41
Trevor Reilly ,LB,Multi,0,0,0,0,0,0,0,3,0,8,13,12,0,21,0,0,0
Terrence Fede ,DE,MIA,bye,0,2,3,0,0,7,19,4,10,2,28,30,10,21,15,21
Shelby Harris ,DE,DEN,32,33,29,25,bye,21,28,28,30,44,21,44,40,32,30,38,40
Corey Nelson ,LB,DEN,7,16,8,3,bye,10,0,0,0,0,0,0,0,0,0,0,0
Terrance Mitchell ,CB,KC,74,72,73,49,63,61,82,0,4,bye,2,38,40,61,21,0,65
Steven Terrell ,S,KC,0,0,0,0,0,0,0,0,0,bye,0,0,33,38,0,0,0
Deon Lacey ,LB,BUF,0,0,0,0,0,bye,0,0,0,3,5,0,0,0,0,0,0
Freddie Bishop ,LB,NYJ,0,12,0,0,42,0,0,10,14,19,bye,0,0,0,0,0,0
Jacquies Smith ,DE,Multi,0,0,0,7,0,0,0,0,29,39,0,0,0,0,0,0,0
Michael Thomas ,S,MIA,bye,0,18,4,1,3,0,49,45,0,0,31,0,0,0,0,0
Anthony Johnson ,DT,Multi,0,0,0,0,0,0,0,0,0,0,0,0,0,0,0,0,5
Rontez Miles ,S,NYJ,0,0,0,8,6,9,8,4,7,8,bye,1,8,4,4,8,51
Malcolm Butler ,CB,NE,68,49,71,63,71,73,57,56,bye,63,72,61,66,73,66,70,59
K'Waun Williams ,CB,SF,29,54,39,69,55,41,20,0,0,44,bye,44,18,47,45,67,60
Robert Nelson ,CB,Multi,0,0,0,0,0,0,0,39,2,0,0,0,0,0,0,0,0
Terrence Brooks ,S,NYJ,9,0,30,9,6,7,8,4,0,6,bye,1,0,2,3,6,1
Howard Jones ,DE,CHI,0,0,0,0,0,0,0,0,bye,0,0,4,0,15,10,5,0
Josh Mauro ,DT,ARI,27,26,19,32,33,37,36,bye,29,33,29,2,0,0,0,23,8
Zach Kerr ,DT,DEN,0,0,17,0,bye,0,6,3,11,30,6,40,46,38,25,27,0
Marcus Burley ,CB,HOU,2,27,0,0,3,7,bye,0,0,0,0,0,0,0,0,0,0
Deandre Coleman ,DT,BUF,0,0,0,0,0,bye,0,0,0,0,29,15,24,23,17,21,0
Marcus Williams ,CB,Multi,0,0,0,0,38,49,0,16,7,23,20,2,15,8,4,0,3
Shaquil Barrett ,LB,DEN,53,62,58,49,bye,52,53,24,30,43,30,29,37,12,23,61,48
Tenny Palepoi ,DT,LAC,0,25,10,17,11,12,26,23,bye,16,29,15,18,14,19,19,15
Josh Martin ,LB,NYJ,38,23,14,0,0,26,40,32,27,37,bye,45,23,42,39,51,53
Neiko Thorpe ,CB,SEA,2,0,0,0,0,bye,0,0,1,1,4,15,0,0,0,0,0
Denico Autry ,DT,OAK,28,27,39,19,37,37,46,37,42,0,31,39,39,52,21,40,61
Tyler Patmon ,CB,JAC,0,0,10,0,8,0,9,bye,0,4,1,0,2,2,9,0,0
Kerry Wynn ,DE,NYG,5,5,9,28,44,53,51,bye,0,12,7,7,2,14,4,6,6
Peyton Thompson ,S,JAC,0,0,10,0,6,0,5,bye,0,0,0,0,0,0,0,0,0
Robert Thomas ,DT,NYG,21,11,25,5,0,22,13,bye,15,9,12,19,12,20,18,20,20
Will Compton ,LB,WAS,0,0,5,2,bye,0,0,29,82,32,0,0,0,0,0,0,0
Brandon Dunn ,DT,HOU,25,11,13,13,18,30,bye,33,24,25,19,36,28,38,39,26,38
George Johnson ,DE,Multi,0,0,19,15,16,28,0,0,0,0,0,0,0,0,30,38,55
Mike Pennel ,DT,NYJ,19,15,9,19,24,16,10,6,16,14,bye,30,10,23,29,26,37
Joe Thomas ,LB,GB,5,14,14,5,0,0,0,bye,0,0,0,0,10,0,56,0,0
Adarius Taylor ,LB,TB,bye,22,39,80,74,21,2,2,0,0,1,0,1,0,42,0,0
Ben Jacobs ,LB,CAR,0,0,0,0,0,0,1,0,0,0,bye,0,0,0,0,0,0
Kasim Edebali ,LB,FA,5,19,8,5,0,2,5,3,8,0,8,23,7,9,0,0,0
Ethan Westbrooks ,DE,LAR,32,23,11,12,16,16,9,bye,22,31,31,10,22,24,14,23,36
Brock Coyle ,LB,SF,0,6,2,3,25,74,22,70,64,60,bye,63,29,48,53,72,55
Daniel Sorensen ,S,KC,48,72,71,50,63,62,81,73,65,bye,68,69,89,61,64,56,0
Todd Davis ,LB,DEN,18,16,41,31,bye,45,28,0,0,43,36,51,64,35,28,45,39
Garrison Smith ,DT,SEA,0,0,5,20,13,bye,0,0,9,32,0,5,0,0,0,11,20
Chris McCain ,DE,LAC,20,18,15,20,11,13,23,16,bye,16,0,13,18,18,11,16,12
Jamie Meder ,DT,CLE,10,17,25,31,16,22,17,23,bye,15,3,0,0,0,0,0,0
C.J. Goodwin ,CB,Multi,0,2,0,0,0,0,0,0,5,1,13,47,3,0,0,0,0
Dewey McDonald ,LB,SEA,3,0,0,0,0,bye,0,0,0,0,0,0,0,0,0,0,0
Adrian Phillips ,S,LAC,8,6,8,14,52,7,46,59,bye,42,55,48,51,43,52,27,0
Leonard Williams ,DE,NYJ,70,41,48,68,62,55,60,60,60,50,bye,65,44,59,38,33,65
Landon Collins ,S,NYG,74,62,76,64,75,52,75,bye,51,61,75,71,65,53,18,35,0
Shane Ray ,LB,DEN,0,0,0,0,bye,0,0,51,55,46,38,44,39,43,38,0,0
Trae Waynes ,CB,MIN,57,59,40,69,54,61,65,57,bye,72,57,54,51,58,48,61,54
Danny Shelton ,DT,CLE,23,35,31,0,24,33,37,47,bye,23,48,45,24,0,35,26,36
Eddie Goldman ,DT,CHI,40,40,37,36,45,47,52,41,bye,48,49,50,42,0,22,29,31
Jordan Phillips ,DT,MIA,bye,21,0,0,0,21,30,24,30,37,33,37,32,33,21,50,33
Marcus Peters ,CB,KC,81,72,70,50,64,62,82,73,67,bye,69,69,88,0,64,56,0
Quinten Rollins ,CB,GB,46,34,7,1,29,22,0,bye,0,0,0,0,0,0,0,0,0
Arik Armstead ,DE,SF,51,67,54,57,53,22,0,0,0,0,bye,0,0,0,0,0,0
P.J. Williams ,CB,NO,65,75,59,1,bye,2,0,0,23,34,63,77,55,37,39,45,58
Nate Orchard ,LB,CLE,18,32,40,43,22,33,19,46,bye,21,31,19,31,22,23,21,10
Michael Bennett ,DT,JAC,0,18,0,0,0,0,0,bye,0,0,0,0,0,0,0,0,0
Brian Peters ,LB,HOU,5,0,0,1,0,1,bye,1,1,15,0,24,6,3,7,0,3
Byron Jones ,S,DAL,57,76,82,61,60,bye,62,56,57,58,64,56,46,48,40,43,45
Benardrick McKinney ,LB,HOU,59,63,64,28,77,62,bye,68,66,49,58,67,54,66,61,56,61
Adrian Amos ,S,CHI,0,1,15,54,70,73,72,61,bye,66,63,61,0,0,0,59,75
Kevin Johnson ,CB,HOU,53,47,0,0,0,0,bye,45,53,49,35,59,51,54,54,39,40
Dante Fowler Jr. ,DE,JAC,35,21,29,30,37,21,37,bye,14,24,31,39,29,27,28,31,30
Vic Beasley Jr. ,LB,ATL,30,22,0,0,bye,26,35,38,44,34,47,44,49,30,28,21,34
Malcom Brown ,DT,NE,48,34,46,48,42,44,16,0,bye,0,0,26,44,64,52,40,33
Eric Kendricks ,LB,MIN,62,75,50,70,61,66,65,59,bye,75,48,59,53,65,38,67,56
Shaq Thompson ,LB,CAR,25,25,53,69,61,53,38,36,39,38,bye,58,45,0,0,64,37
Eli Harold ,LB,SF,30,28,26,27,23,48,31,46,52,37,bye,24,17,20,13,24,6
Carl Davis ,DE,BAL,8,13,48,42,7,0,23,16,26,bye,20,17,22,26,10,12,11
Preston Smith ,LB,WAS,53,33,22,61,bye,55,30,55,62,45,40,41,47,46,57,48,59
Danielle Hunter ,DE,MIN,50,54,39,58,47,50,55,47,bye,70,37,48,40,49,36,53,41
Eric Rowe ,CB,NE,36,34,0,19,0,0,0,0,bye,0,0,0,15,14,54,51,37
Damarious Randall ,S,GB,40,28,52,29,60,59,48,bye,52,58,45,66,52,57,71,0,0
Xavier Cooper ,DT,Multi,14,0,0,17,12,34,26,0,9,11,0,13,1,15,39,52,62
Stephone Anthony ,LB,Multi,0,0,0,0,0,0,0,0,0,0,12,18,29,9,19,22,24
Ronald Darby ,CB,PHI,18,0,0,0,0,0,0,0,0,bye,63,44,56,48,83,61,6
Grady Jarrett ,DT,ATL,51,49,53,43,bye,50,57,47,54,47,53,54,50,45,49,49,45
Henry Anderson ,DE,IND,25,31,43,35,51,49,42,49,55,0,bye,0,0,0,0,0,0
Denzel Perryman ,LB,LAC,0,0,0,0,0,0,0,0,bye,45,44,50,57,39,22,0,15
Josh Shaw ,CB,CIN,22,5,31,33,33,bye,16,32,38,55,66,36,41,50,54,10,30
Hau'oli Kikaha ,LB,NO,16,9,22,14,bye,21,0,0,9,0,1,16,20,27,29,25,0
Trey Flowers ,DE,NE,68,62,68,63,70,63,41,47,bye,56,68,35,0,0,63,62,37
Mario Edwards Jr. ,DE,OAK,32,25,43,44,42,42,28,43,42,0,44,39,35,12,0,0,5
Markus Golden ,LB,ARI,55,64,45,67,0,0,0,bye,0,0,0,0,0,0,0,0,0
Kwon Alexander ,LB,TB,bye,17,0,0,0,0,68,65,60,69,63,64,54,68,70,61,57
Za'Darius Smith ,LB,BAL,7,0,43,50,37,40,35,43,27,bye,41,33,32,0,49,41,54
Jaquiski Tartt ,S,SF,67,82,47,86,76,73,75,70,19,0,bye,0,0,0,0,0,0
Bud Dupree ,LB,PIT,0,63,62,67,51,43,44,66,bye,58,52,53,54,53,34,48,47
Justin Hamilton ,DT,Multi,0,0,0,11,18,15,0,0,0,0,0,0,0,0,0,0,45
Bobby McCain ,CB,MIA,bye,44,35,46,28,38,32,18,35,43,35,10,67,60,62,78,30
Darryl Roberts ,CB,NYJ,1,6,60,22,0,40,57,65,73,64,bye,27,15,33,0,0,5
Geneo Grissom ,DE,NE,0,0,0,0,3,0,0,0,bye,0,0,0,7,0,0,8,8
Derron Smith ,S,Multi,0,1,0,0,0,0,0,0,0,0,0,0,0,0,2,0,0
Hayes Pullard ,LB,LAC,32,42,0,49,50,54,48,66,bye,0,0,11,11,7,15,44,45
Anthony Chickillo ,LB,PIT,62,45,62,2,5,11,9,8,bye,2,9,2,10,10,0,14,18
Leterrius Walton ,DE,PIT,17,10,18,7,6,1,7,18,bye,7,11,3,2,6,11,7,13
David Parry ,DT,NO,0,0,3,0,bye,0,0,0,0,0,0,0,0,0,0,0,0
Carlos Thompson ,LB,LAR,0,0,0,0,0,0,0,bye,0,0,0,0,0,0,0,12,39
Christian Covington ,DT,HOU,20,14,16,9,45,38,bye,24,0,0,0,0,0,0,0,0,0
Kurtis Drummond ,S,HOU,5,0,1,10,0,21,bye,1,0,8,0,0,0,0,14,5,9
Angelo Blackson ,DT,Multi,0,0,0,0,0,0,0,0,16,24,17,6,10,30,32,24,34
Deiontrez Mount ,LB,DEN,0,0,0,0,bye,0,0,0,0,0,0,0,0,2,3,11,28
Lorenzo Doss ,CB,Multi,0,5,0,0,0,0,3,0,0,0,0,0,0,0,0,0,0
Zaire Anderson ,LB,DEN,0,0,3,0,bye,0,10,26,31,18,0,3,3,9,0,3,29
Kyle Emanuel ,LB,LAC,29,12,20,17,20,17,17,28,bye,40,20,14,11,7,5,25,18
Craig Mager ,CB,LAC,0,0,0,0,0,0,0,0,bye,0,0,0,0,0,0,1,0
Darius Philon ,DE,LAC,13,36,33,29,32,33,33,27,bye,42,35,25,42,31,35,30,34
Rakeem Nunez-Roches ,DT,KC,31,26,28,4,8,19,18,20,26,bye,38,47,40,15,26,15,32
D.J. Alexander ,LB,SEA,1,0,0,0,0,bye,0,0,0,0,0,0,0,19,0,0,0
Steven Nelson ,CB,KC,0,0,0,0,0,0,0,53,64,bye,66,69,75,61,64,56,4
Ramik Wilson ,LB,KC,25,14,21,0,0,0,0,0,0,bye,0,0,0,0,0,0,65
Dexter McDonald ,CB,OAK,2,0,0,31,25,28,50,67,67,0,8,44,43,60,48,56,5
Ben Heeney ,LB,Multi,0,0,0,0,0,0,0,0,0,8,0,0,0,0,0,0,0
Ryan Russell ,DE,TB,bye,35,25,39,11,0,0,35,34,40,44,24,36,32,33,32,36
Damien Wilson ,LB,DAL,17,23,17,27,11,bye,18,11,19,36,27,34,16,21,12,23,11
Mark Nzeocha ,LB,Multi,0,0,0,0,0,2,0,1,2,0,0,1,0,0,0,0,3
Jordan Hicks ,LB,PHI,63,53,14,58,45,34,2,0,0,bye,0,0,0,0,0,0,0
Martrell Spaight ,LB,WAS,0,1,46,43,bye,0,0,39,2,29,71,0,8,15,49,46,64
Olsen Pierre ,DE,ARI,12,15,10,25,20,0,0,bye,31,25,35,35,31,34,21,29,28
John Timu ,LB,CHI,0,0,17,19,42,0,0,0,bye,0,8,30,0,10,2,5,3
Isaiah Johnson ,S,LAR,0,0,0,0,0,0,0,bye,0,0,0,0,0,0,0,0,26
Gabe Wright ,DT,MIA,bye,0,0,0,0,0,0,0,0,0,0,0,0,0,0,0,23
Quandre Diggs ,S,DET,58,44,33,32,30,28,bye,42,50,52,38,39,59,67,69,80,68
Jake Ryan ,LB,GB,5,17,0,42,37,48,24,bye,18,29,45,52,43,44,0,54,48
Ladarius Gunter ,CB,Multi,2,0,0,0,0,0,0,0,0,0,0,0,0,0,0,0,0
Christian Ringo ,DE,Multi,0,0,0,0,0,0,0,0,0,0,0,23,19,20,21,19,28
David Mayo ,LB,CAR,0,0,8,2,1,32,28,0,0,11,bye,6,32,3,0,10,0
Tyeler Davison ,DT,NO,38,52,30,26,bye,34,28,37,28,20,48,47,36,48,44,33,39
Rodney Gunter ,DT,ARI,18,2,8,15,26,24,23,bye,26,14,27,19,17,23,11,27,12
Bryce Hager ,LB,LAR,9,0,0,0,0,0,5,bye,10,7,0,0,41,5,10,2,64
Obum Gwacham ,DE,Multi,0,0,0,0,0,0,0,0,0,0,0,0,1,3,2,3,14
Ryan Murphy ,S,NYG,0,0,0,0,0,0,0,bye,0,0,0,0,0,0,3,1,1
Frank Clark ,DE,SEA,45,35,32,40,57,bye,50,49,58,30,45,54,58,46,43,49,49
Tye Smith ,CB,TEN,2,0,0,2,1,0,0,bye,0,0,0,0,0,0,0,67,53
Mike Hull ,LB,MIA,bye,58,62,25,0,0,0,0,0,0,0,1,11,0,0,0,27
Jordan Williams ,DE,NYG,0,0,0,0,0,0,0,bye,11,0,0,0,0,0,0,0,0
David Irving ,DT,DAL,0,0,0,0,45,bye,37,36,44,47,40,48,41,0,0,0,0
Nick Dzubnar ,LB,LAC,0,0,0,0,0,0,0,0,bye,0,0,0,0,0,2,0,0
Curtis Grant ,LB,NYG,0,0,0,0,0,1,34,bye,56,7,6,5,0,0,0,0,0
Bryce Callahan ,CB,CHI,31,41,56,41,60,46,46,12,bye,0,0,0,0,44,48,50,37
Jonathan Anderson ,LB,CHI,0,12,0,0,19,0,0,0,bye,0,0,0,0,0,0,0,0
Justin Coleman ,CB,SEA,41,0,1,40,68,bye,35,44,53,66,24,49,62,31,42,47,51
Deshazor Everett ,CB,WAS,68,23,8,18,bye,0,0,13,1,38,0,57,65,72,78,70,78
Jermaine Whitehead ,S,GB,0,0,0,0,0,0,1,bye,0,13,11,3,23,14,15,31,10
Xavier Williams ,DT,ARI,21,18,0,19,26,29,23,bye,0,0,26,32,18,28,9,0,0
Joey Mbu ,DT,IND,0,0,0,0,0,0,0,0,0,6,bye,9,16,15,19,20,11
Zach Vigil ,LB,Multi,0,0,0,0,0,0,0,0,0,0,0,41,52,67,82,74,78
Neville Hewitt ,LB,MIA,bye,0,0,0,0,0,0,0,0,0,0,0,1,0,5,5,0
Troy Hill ,CB,LAR,0,0,33,0,2,0,5,bye,10,0,0,1,7,64,55,66,23
Matt Longacre ,LB,LAR,25,26,37,29,24,20,16,bye,32,49,20,28,30,25,18,0,0
Cameron Lynch ,LB,FA,0,0,0,1,0,0,0,0,0,0,0,0,0,0,0,0,10
Nordly Capi ,DE,Multi,0,0,0,0,0,0,0,0,0,0,0,0,0,23,23,24,18
Richard Ash ,DT,DAL,0,0,0,0,0,bye,27,24,12,25,21,26,20,42,23,0,13
Curtis Riley ,CB,TEN,0,26,37,44,16,17,22,bye,0,0,0,0,0,0,0,0,0
Quinton Dunbar ,CB,WAS,2,3,5,37,bye,64,64,67,44,0,0,6,2,47,17,10,3
Tyrell Adams ,LB,Multi,41,21,0,0,36,1,0,0,0,0,0,0,0,0,0,0,0
T.Y. McGill ,DT,CLE,0,0,0,5,0,0,0,26,bye,0,0,0,0,10,0,0,0
Clayton Geathers ,S,IND,0,0,0,0,0,0,0,0,0,0,bye,4,16,17,30,0,45
Jordan Richards ,S,NE,41,16,3,1,11,35,6,13,bye,17,5,11,25,16,14,29,30
Ibraheim Campbell ,S,Multi,0,0,13,4,25,17,69,68,0,0,0,0,0,0,0,0,0
Justin Currie ,S,CLE,0,0,0,0,0,0,0,0,bye,0,0,0,0,0,0,14,21
Anthony Harris ,S,MIN,0,0,0,0,1,66,0,57,bye,0,59,0,0,0,14,0,0
Corey Moore ,S,HOU,44,55,47,10,0,0,bye,0,15,22,11,0,0,4,18,13,0
Dexter McCoil ,S,Multi,0,0,0,0,0,0,0,0,8,0,0,0,0,0,0,0,3
Joe Cardona ,LB,NE,0,0,0,0,0,0,0,0,bye,0,0,1,0,0,0,0,0
Aaron Brewer ,LB,ARI,0,0,1,0,0,0,0,bye,0,0,0,0,0,0,0,0,0
Mike Windt ,LB,LAC,0,0,0,1,0,0,0,0,bye,0,0,0,0,0,0,0,0
James Winchester ,LB,KC,0,0,0,0,0,0,0,0,0,bye,0,0,1,0,0,0,0
Jon Condo ,LB,OAK,0,0,0,0,0,0,1,0,0,0,0,0,0,0,0,0,0
Nick Sundberg ,LB,WAS,0,0,0,0,bye,0,0,0,1,0,0,0,0,0,0,0,0
Don Muhlbach ,LB,DET,1,0,0,0,0,0,bye,0,0,0,0,0,0,0,0,0,0
Kevin McDermott ,LB,MIN,0,0,0,0,0,0,0,0,bye,0,0,0,1,0,0,0,0
Andrew DePaola ,LB,CHI,0,0,0,0,0,0,0,0,bye,1,0,0,0,0,0,0,0
J.J. Jansen ,LB,CAR,0,0,0,0,0,0,0,0,1,0,bye,0,0,1,0,0,0
Joey Bosa ,DE,LAC,56,51,43,63,58,51,50,72,bye,69,40,42,57,36,58,59,44
Vernon Hargreaves III ,CB,TB,bye,64,68,79,74,63,36,63,27,28,0,0,0,0,0,0,0
Jalen Ramsey ,CB,JAC,79,68,48,70,80,58,67,bye,16,69,55,73,69,62,48,66,65
Emmanuel Ogbah ,DE,CLE,42,54,50,42,43,40,58,67,bye,37,29,0,0,0,0,0,0
DeForest Buckner ,DT,SF,53,67,59,69,67,60,50,55,64,52,bye,50,26,53,50,69,19
Robert Nkemdiche ,DT,ARI,0,19,15,0,0,0,35,bye,31,17,26,16,14,20,8,34,17
Myles Jack ,LB,JAC,79,68,48,69,80,58,67,bye,37,69,55,73,69,62,48,66,65
Shaq Lawson ,DE,BUF,37,43,43,0,47,bye,30,38,40,44,50,39,25,0,0,0,0
Mackensie Alexander ,CB,MIN,27,44,18,19,19,20,0,26,bye,37,23,22,15,15,0,24,15
A'Shawn Robinson ,DT,DET,39,35,39,33,46,51,bye,46,35,51,57,51,42,52,49,67,42
Jaylon Smith ,LB,DAL,35,68,54,69,33,bye,32,17,17,50,36,38,44,30,20,14,18
Austin Johnson ,DT,TEN,17,23,21,25,13,17,10,bye,18,7,15,11,24,26,31,29,32
Shilique Calhoun ,LB,OAK,0,0,0,0,0,10,0,11,1,0,0,0,13,16,16,23,12
Kevin Dodd ,LB,TEN,0,0,19,0,0,0,0,bye,12,1,0,7,10,20,11,9,3
Reggie Ragland ,LB,KC,0,0,0,21,10,27,9,20,20,bye,47,41,48,21,34,24,0
Carl Nassib ,DE,CLE,40,50,45,44,33,33,14,57,bye,15,42,48,45,59,43,31,44
Jonathan Bullard ,DT,CHI,21,26,17,17,18,25,39,21,bye,22,9,47,42,31,32,25,46
Scooby Wright ,LB,ARI,0,0,0,0,0,0,0,bye,0,0,0,1,0,0,10,0,0
Eli Apple ,CB,NYG,74,62,74,55,63,78,74,bye,64,45,0,0,0,0,60,0,0
Darron Lee ,LB,NYJ,63,57,54,75,72,68,60,66,75,71,bye,71,0,70,66,72,85
William Jackson III ,CB,CIN,29,0,14,47,64,bye,59,41,38,31,0,47,61,73,58,59,76
Andrew Billings ,DT,CIN,13,11,3,4,10,bye,13,5,47,36,42,24,11,47,37,0,31
Kendall Fuller ,CB,WAS,42,36,46,42,bye,44,54,45,64,35,52,33,45,34,54,45,48
Jayron Kearse ,S,MIN,0,0,0,1,0,0,0,2,bye,0,11,0,0,1,14,0,0
Leonard Floyd ,LB,CHI,55,55,60,41,65,72,60,59,bye,66,49,0,0,0,0,0,0
Adolphus Washington ,DT,BUF,15,32,34,0,33,bye,27,38,39,42,37,21,36,48,36,45,26
Maliek Collins ,DT,DAL,51,48,61,49,34,bye,39,31,40,33,39,39,36,57,58,43,27
Kenny Clark ,DT,GB,37,47,43,46,51,55,65,bye,51,38,36,0,38,40,51,46,41
Darian Thompson ,S,NYG,74,62,74,36,75,81,75,bye,60,61,75,71,65,63,67,68,57
Artie Burns ,CB,PIT,65,64,64,69,53,54,49,70,bye,60,65,55,64,64,59,55,64
Jarran Reed ,DT,SEA,48,27,50,32,46,bye,32,41,47,2,0,27,57,57,52,44,55
Noah Spence ,DE,TB,bye,45,21,54,60,32,35,0,0,0,0,0,0,0,0,0,0
Vonn Bell ,S,NO,6,33,36,45,bye,76,37,45,49,37,69,74,57,57,17,64,83
Jordan Jenkins ,LB,NYJ,42,34,31,47,48,38,38,46,42,52,bye,60,40,50,43,48,57
Vince Biegel ,LB,GB,0,0,0,0,0,0,0,bye,19,6,16,22,0,15,16,16,11
Keanu Neal ,S,ATL,67,76,70,58,bye,67,74,61,65,63,68,71,66,52,59,64,61
Jalen Mills ,S,PHI,63,53,70,58,58,81,64,61,65,bye,63,44,60,48,84,60,0
Charles Tapper ,DE,DAL,12,25,0,0,0,bye,0,0,0,0,0,0,0,0,0,0,0
Joshua Perry ,LB,IND,0,0,0,0,0,0,0,0,0,4,bye,0,0,0,0,0,0
Anthony Zettel ,DT,DET,46,36,37,30,38,44,bye,50,38,59,55,61,58,49,45,68,39
Kentrell Brothers ,LB,MIN,0,0,0,0,0,0,0,0,bye,0,0,0,0,0,9,0,0
Xavien Howard ,CB,MIA,bye,55,62,72,59,57,55,60,63,71,66,67,63,60,62,78,66
James Bradberry ,CB,CAR,56,54,58,70,60,62,38,67,56,56,bye,69,64,72,69,64,72
Bronson Kaufusi ,DE,BAL,0,0,0,22,0,5,5,0,0,bye,0,0,0,0,0,0,0
Rashard Robinson ,CB,Multi,67,82,63,85,62,53,51,16,0,0,0,0,18,2,0,0,0
Karl Joseph ,S,OAK,64,57,68,64,62,64,62,0,67,0,51,43,61,68,63,54,20
Yannick Ngakoue ,DE,JAC,59,42,39,59,63,47,42,bye,31,48,42,54,59,48,42,44,48
Maurice Canady ,CB,BAL,0,0,0,0,0,0,0,0,9,bye,34,32,36,58,47,46,58
Miles Killebrew ,S,DET,29,42,53,44,35,27,bye,17,18,23,9,33,7,3,7,6,0
Sheldon Rankins ,DT,NO,58,50,40,38,bye,58,45,50,45,28,55,58,47,59,57,54,68
Vernon Butler ,DT,CAR,0,13,19,22,0,17,15,21,20,16,bye,30,26,26,24,21,25
Tyler Matakevich ,LB,PIT,1,1,1,2,1,7,1,1,bye,0,2,2,41,0,0,0,0
Hassan Ridgeway ,DT,IND,19,11,19,18,8,6,17,7,7,19,bye,0,0,0,13,8,25
Kyler Fackrell ,LB,GB,12,19,41,24,25,31,26,bye,27,18,34,46,31,30,21,38,23
Sheldon Day ,DT,Multi,21,0,29,6,26,16,28,0,0,0,0,30,15,34,31,39,46
Deion Jones ,LB,ATL,67,72,70,60,bye,65,72,61,66,59,63,68,63,50,59,64,61
Nick Vigil ,LB,CIN,65,66,70,64,70,bye,69,74,80,90,79,32,0,0,0,0,0
Kamalei Correa ,LB,BAL,27,30,23,28,1,7,2,7,1,bye,3,1,8,3,0,3,3
Blake Martinez ,LB,GB,42,38,47,45,70,76,75,bye,68,60,59,74,76,58,67,64,58
Chris Jones ,DT,KC,48,32,39,36,43,42,55,36,38,bye,56,46,64,47,36,33,27
T.J. Green ,S,IND,62,1,1,1,2,6,34,23,8,29,bye,32,20,41,38,52,29
Erik Harris ,S,OAK,0,0,0,2,0,0,0,0,0,0,0,0,0,0,0,0,1
Javon Hargrave ,DT,PIT,25,23,38,29,33,21,28,39,bye,28,23,20,22,39,39,18,30
Jihad Ward ,DT,OAK,0,24,0,11,0,0,0,0,0,0,0,0,0,0,33,27,30
Sean Davis ,S,PIT,66,65,39,69,50,53,51,70,bye,60,65,55,64,64,59,55,64
Adam Gotsis ,DE,DEN,31,44,45,23,bye,30,31,27,36,28,26,40,46,25,40,51,32
Kevin Byard ,S,TEN,66,67,73,84,59,58,73,bye,76,51,72,63,81,65,70,67,60
KeiVarae Russell ,CB,CIN,2,0,0,14,0,bye,0,0,0,0,7,0,0,18,5,0,0
Daryl Worley ,CB,CAR,56,54,58,0,46,23,34,53,19,36,bye,53,29,67,69,64,66
Justin Simmons ,S,DEN,58,70,57,54,bye,54,58,62,66,70,55,68,61,3,0,0,0
Joe Schobert ,LB,CLE,60,68,66,64,53,66,72,85,bye,52,78,61,70,76,76,62,59
Eric Murray ,CB,KC,13,50,46,28,45,13,56,47,15,bye,20,16,0,0,29,32,29
B.J. Goodson ,LB,NYG,74,0,0,45,59,80,41,bye,0,0,0,0,31,0,44,0,0
Nick Kwiatkoski ,LB,CHI,7,16,0,0,0,0,0,1,bye,36,55,48,12,46,52,49,60
De'Vondre Campbell ,LB,ATL,47,55,52,57,bye,60,72,61,65,61,72,65,62,52,50,58,61
Juston Burris ,CB,NYJ,30,31,9,20,0,0,0,22,46,35,bye,0,0,0,40,47,54
David Onyemata ,DT,NO,31,41,30,23,bye,39,32,36,28,26,29,40,33,57,41,44,67
Deon Bush ,S,CHI,0,0,0,2,1,0,0,1,bye,0,0,17,0,4,59,0,2
Antonio Morrison ,LB,IND,57,0,57,58,55,59,54,44,42,39,bye,45,51,65,66,69,51
Deiondre' Hall ,CB,CHI,0,0,0,0,0,0,0,0,bye,0,0,0,0,1,0,0,0
Derrick Kindred ,S,CLE,40,67,52,36,10,25,60,65,bye,52,68,42,42,70,61,0,0
Willie Henry Jr. ,DT,BAL,0,0,46,31,42,68,11,35,43,bye,52,45,44,62,44,33,41
Dean Lowry ,DE,GB,15,34,37,47,29,34,27,bye,29,19,29,33,38,27,38,32,26
Kevon Seymour ,CB,CAR,1,0,0,68,15,39,3,14,45,20,bye,22,32,9,36,2,12
James Burgess Jr. ,LB,CLE,9,12,40,53,45,0,0,8,bye,31,71,43,66,71,76,62,59
Jordan Lucas ,S,MIA,bye,0,0,0,0,0,0,3,0,0,0,0,11,0,6,5,0
Jonathan Jones ,CB,NE,3,27,42,18,28,20,19,16,bye,25,70,52,57,40,1,0,21
Cre'Von LeBlanc ,CB,CHI,0,5,0,0,0,0,0,33,bye,37,48,49,30,2,0,0,8
Elandon Roberts ,LB,NE,9,36,56,33,23,23,0,40,bye,38,39,34,49,57,52,41,28
Kamu Grugier-Hill ,LB,PHI,0,0,0,1,7,0,0,0,10,bye,0,11,2,0,2,0,53
Clayton Fejedelem ,S,CIN,52,0,7,24,22,bye,0,0,16,56,8,34,27,57,53,20,0
Matthew Judon ,LB,BAL,52,58,43,40,33,70,49,43,46,bye,38,39,39,76,49,52,60
Tyrone Holmes ,LB,CLE,16,0,0,0,0,0,0,0,bye,0,0,6,5,9,0,0,0
Briean Boddy-Calhoun ,CB,CLE,47,25,34,42,36,46,69,72,bye,21,31,42,48,0,0,0,23
Mike Hilton ,CB,PIT,34,54,20,44,17,37,29,43,bye,34,36,33,43,26,48,36,43
Jarrod Wilson ,S,JAC,4,0,10,0,0,0,9,bye,1,1,1,2,1,1,9,2,11
D.J. Reader ,DT,HOU,46,35,32,20,48,25,bye,55,44,30,34,44,35,46,32,0,0
Joel Heath ,DT,HOU,38,26,16,18,35,22,bye,0,0,0,15,34,21,19,35,28,16
Aaron Wallace ,LB,TEN,5,13,0,0,0,0,0,bye,0,0,0,0,0,0,0,0,0
Kalan Reed ,CB,TEN,0,0,0,0,0,0,0,bye,0,0,0,0,0,0,0,0,7
LeShaun Sims ,CB,TEN,0,30,33,36,32,33,29,bye,36,18,33,24,50,24,47,0,0
Will Parks ,S,DEN,43,53,27,30,bye,10,32,45,38,28,24,21,53,41,48,57,46
Trevor Williams ,CB,LAC,40,68,53,77,69,58,64,85,bye,80,62,51,63,50,66,64,54
Jatavis Brown ,LB,LAC,65,68,53,68,35,20,17,22,bye,53,18,3,4,5,33,22,18
D.J. White ,CB,Multi,0,0,0,0,0,0,0,0,0,0,0,0,0,0,42,0,13
Terrance Smith ,LB,KC,0,0,0,3,0,0,1,0,0,bye,0,0,0,0,0,0,62
Darius Latham ,DT,OAK,0,0,0,0,15,0,0,0,0,0,0,0,0,0,23,18,0
Cory James ,LB,OAK,60,57,68,64,34,7,0,49,58,0,44,15,0,0,0,0,0
Anthony Brown ,CB,DAL,52,77,82,69,59,bye,61,58,57,61,62,63,8,27,47,21,44
Kavon Frazier ,S,DAL,20,10,22,22,0,bye,6,1,1,13,11,0,21,35,27,19,14
Blake Countess ,CB,LAR,14,9,0,2,5,0,18,bye,12,10,15,36,0,1,9,0,33
Joe Walker ,LB,PHI,0,0,3,0,0,13,11,28,14,bye,20,8,0,0,0,0,0
Romeo Okwara ,DE,NYG,18,15,15,17,13,0,0,bye,0,0,0,0,0,0,0,0,4
Matt Ioannidis ,DE,WAS,33,28,28,40,bye,41,44,23,0,0,55,41,43,52,51,52,53
Roy Robertson-Harris ,DT,CHI,18,27,11,11,7,7,4,0,bye,0,0,0,21,20,26,22,38
Kevin Peterson ,CB,LAR,0,6,0,0,0,0,0,bye,0,0,0,0,0,21,9,0,61
DeAndre Houston-Carson ,S,CHI,0,0,0,1,0,7,1,2,bye,2,3,0,0,0,0,0,0
Stephen Weatherly ,DE,MIN,0,0,7,0,0,6,0,0,bye,15,28,15,3,0,10,5,0
Ryan Smith ,CB,TB,bye,7,45,0,0,0,2,63,60,68,60,64,54,60,56,0,57
Devante Bond ,LB,TB,bye,0,7,21,15,18,0,7,0,0,0,12,1,20,30,5,0
De'Vante Harris ,CB,NO,44,18,7,0,bye,0,0,0,0,11,36,52,0,0,0,0,0
Ken Crawley ,CB,NO,0,0,57,52,bye,80,54,67,58,47,67,0,55,71,68,64,80
Trae Elston ,S,Multi,0,0,0,0,0,0,0,64,0,5,28,0,0,0,0,2,0
Ronald Blair III ,DE,SF,0,0,0,0,0,0,0,0,39,31,bye,24,12,0,0,17,17
Marqui Christian ,S,LAR,0,0,0,2,2,3,5,bye,10,9,1,1,1,1,9,2,0
Harlan Miller ,CB,ARI,0,0,0,0,0,0,0,bye,0,0,0,0,0,0,4,8,45
Michael Jordan ,CB,CLE,0,1,0,5,0,0,34,52,bye,0,0,0,1,36,73,5,2
Josh Forrest ,LB,FA,0,0,0,0,0,0,0,0,0,0,1,0,0,0,0,0,0
Quinton Jefferson ,DT,BUF,0,0,0,0,0,bye,20,0,7,0,0,32,26,21,23,0,0
Eric Lee ,LB,Multi,0,0,0,0,0,0,0,0,0,0,0,25,57,73,44,49,34
Tony McRae ,CB,Multi,0,0,0,0,0,0,0,0,0,0,0,0,0,5,8,2,1
Bryson Albright ,LB,ARI,0,0,0,0,0,0,0,bye,0,0,0,0,0,3,0,0,0
Lafayette Pitts ,CB,Multi,0,0,10,0,0,0,0,0,0,2,0,0,19,0,0,9,0
Lawrence Thomas ,DE,NYJ,0,15,14,20,10,13,5,10,0,12,bye,23,19,6,11,9,8
Claude Pelon ,DE,NYJ,17,0,0,0,0,0,0,0,0,0,bye,0,0,0,0,0,0
Trevon Coley ,DT,CLE,39,42,37,42,31,36,53,0,bye,36,44,44,51,62,59,42,38
Patrick Onwuasor ,LB,BAL,20,19,40,33,37,66,56,44,41,bye,47,54,35,43,27,39,46
Michael Pierce ,DT,BAL,38,49,64,60,40,56,45,24,7,bye,21,28,22,45,21,31,43
Stefan McClure ,S,Multi,0,0,0,12,0,10,1,0,0,0,0,0,0,0,0,0,0
Chris Milton ,CB,IND,0,0,0,0,1,0,6,0,0,0,bye,0,1,1,0,0,12
Ufomba Kamalu ,DE,HOU,0,0,0,0,22,36,bye,10,0,24,16,27,19,0,0,21,9
Brennan Scarlett ,LB,HOU,5,5,10,5,69,50,bye,24,43,41,37,13,0,0,0,0,0
Kyle Peko ,DT,DEN,0,7,0,0,bye,0,0,0,0,0,0,0,18,14,7,19,30
Eddie Yarbrough ,DE,BUF,11,23,18,55,15,bye,29,15,21,46,23,19,35,43,41,36,33
Antonio Hamilton ,CB,OAK,0,0,2,0,0,0,0,0,0,0,0,0,0,0,4,5,44
Branden Jackson ,DE,SEA,0,0,0,0,21,bye,17,17,11,25,18,21,23,20,25,44,22
James Cowser ,DE,OAK,1,18,16,6,14,7,3,7,3,0,14,14,10,22,3,6,10
Rodney Coe ,DT,Multi,0,0,0,0,0,0,0,0,0,0,0,0,0,2,0,0,0
Deon King ,LB,Multi,0,0,0,0,3,0,0,0,0,0,0,0,0,0,0,0,0
C.J. Smith ,CB,Multi,0,0,0,0,0,0,0,0,0,0,0,0,0,0,9,0,0
Destiny Vaeao ,DT,PHI,12,0,0,0,0,0,22,17,29,bye,20,23,13,9,23,7,56
Michael Hunter ,CB,Multi,3,1,0,0,0,0,0,0,0,0,0,0,0,0,0,0,0
Andrew Adams ,S,NYG,8,5,4,19,2,16,0,bye,15,8,29,13,1,10,49,39,56
Dont'e Deayon ,CB,NYG,0,0,0,0,0,39,23,bye,0,0,17,15,0,0,0,0,0
Anthony Lanier ,DE,WAS,0,0,0,0,bye,0,8,28,32,22,30,26,28,30,51,46,38
Charles Washington ,S,DET,3,3,15,13,6,35,bye,0,7,1,0,0,2,3,5,0,4
Josh Hawkins ,CB,GB,0,1,9,40,25,75,17,bye,2,5,28,36,14,11,55,52,33
Kentrell Brice ,S,GB,47,21,0,45,28,75,73,bye,0,0,0,0,0,0,0,0,0
Reggie Gilbert ,LB,GB,0,0,0,0,0,0,0,bye,0,0,0,0,0,0,0,45,40
Marwin Evans ,S,GB,0,0,54,8,3,15,13,bye,10,22,15,1,0,0,4,3,0
Channing Ward ,DE,TB,bye,0,0,0,0,0,0,0,0,0,0,0,0,0,0,0,2
Luke Rhodes ,LB,IND,0,0,0,0,0,0,0,0,0,1,bye,0,0,0,0,0,0
Brian Poole ,S,ATL,36,66,61,24,bye,38,41,43,42,56,58,11,0,27,37,43,47
Sharrod Neasman ,S,ATL,0,0,0,2,bye,3,0,0,1,0,0,1,1,0,0,0,0
Mitchell Loewen ,DE,NO,1,6,0,0,bye,0,0,0,0,0,0,0,0,0,0,0,0
Matthias Farley ,S,IND,46,66,51,62,49,57,62,56,71,67,bye,58,65,60,63,68,27
Cory Littleton ,LB,LAR,9,4,4,3,10,11,5,bye,10,7,12,1,1,27,52,68,54
Morgan Fox ,DE,LAR,18,20,15,11,11,23,19,bye,32,25,19,16,23,20,16,13,53
Nicholas Grigsby ,LB,Multi,0,0,0,0,0,0,0,0,0,0,0,0,0,0,0,0,14
Steve Longa ,LB,DET,2,0,0,12,0,0,bye,0,0,0,0,0,0,0,0,0,0
Tyvis Powell ,S,Multi,0,0,0,0,0,0,0,0,0,0,0,0,0,0,0,17,0
Pete Robertson ,LB,WAS,0,0,0,0,bye,0,0,0,0,0,0,1,0,0,0,21,5
Javien Elliott ,CB,TB,bye,0,13,0,1,2,0,37,0,20,4,0,1,6,5,40,0
Myles Garrett ,DE,CLE,0,0,0,0,19,33,57,0,bye,38,60,47,55,60,55,42,52
Jonathan Allen ,DE,WAS,42,29,22,37,bye,29,0,0,0,0,0,0,0,0,0,0,0
Solomon Thomas ,DE,SF,43,47,36,69,66,66,61,31,0,0,bye,50,29,44,42,65,47
Malik Hooker ,S,IND,30,66,76,68,72,70,27,0,0,0,bye,0,0,0,0,0,0
Jamal Adams ,S,NYJ,75,57,54,77,76,68,73,66,72,71,bye,71,47,70,67,72,85
Reuben Foster ,LB,SF,11,0,0,0,0,0,53,0,75,66,bye,68,37,67,61,58,57
Marshon Lattimore ,CB,NO,61,62,0,51,bye,79,55,67,59,37,6,0,0,62,70,64,78
Jabrill Peppers ,S,CLE,60,68,66,62,52,66,0,0,bye,52,78,60,56,0,73,62,50
Teez Tabor ,CB,DET,0,0,0,0,0,3,bye,0,11,0,13,14,17,39,44,44,5
Derek Barnett ,DE,PHI,26,20,27,25,26,39,36,34,30,bye,32,26,26,17,41,20,0
Zach Cunningham ,LB,HOU,28,43,50,32,56,58,bye,69,52,27,37,56,54,73,59,55,63
Marlon Humphrey ,CB,BAL,9,11,23,28,55,12,16,37,18,bye,49,7,41,89,63,62,77
Sidney Jones ,CB,PHI,0,0,0,0,0,0,0,0,0,bye,0,0,0,0,0,0,29
Takkarist McKinley ,LB,ATL,14,44,48,24,bye,27,19,25,23,27,29,21,21,12,15,22,30
Tim Williams ,LB,BAL,0,22,10,22,7,0,0,0,0,bye,19,14,12,19,0,0,0
Taco Charlton ,DE,DAL,26,33,20,22,8,bye,38,22,18,23,25,22,26,25,33,22,36
Haason Reddick ,LB,ARI,41,56,39,48,31,36,31,bye,27,21,15,24,8,23,13,6,25
Charles Harris ,DE,MIA,bye,28,32,35,36,24,34,49,28,26,25,31,39,22,43,43,2
Caleb Brantley ,DT,CLE,0,0,11,16,0,7,15,47,bye,16,0,9,18,16,19,19,24
Chris Wormley ,DT,BAL,0,0,0,0,14,54,26,6,15,bye,0,0,0,2,0,0,3
Jarrad Davis ,LB,DET,75,42,0,0,66,71,bye,64,59,81,49,54,51,58,41,49,68
T.J. Watt ,LB,PIT,62,20,0,67,50,40,42,63,bye,58,54,53,54,54,40,48,47
Tyus Bowser ,LB,BAL,15,35,8,8,9,7,5,13,3,bye,6,4,10,22,13,2,1
Gareon Conley ,CB,OAK,0,47,46,0,0,0,0,0,0,0,0,0,0,0,0,0,0
Adoree' Jackson ,CB,TEN,62,57,71,78,50,51,70,bye,67,56,72,63,81,60,66,67,60
Kevin King ,CB,GB,6,46,61,61,16,0,49,bye,63,41,0,38,0,0,0,0,0
Obi Melifonwu ,S,OAK,0,0,0,0,0,0,0,0,7,0,26,1,0,0,0,0,0
Ahkello Witherspoon ,CB,SF,0,0,0,0,6,34,35,69,77,66,bye,65,37,56,63,87,65
Tanner Vallejo ,LB,BUF,0,0,0,0,0,bye,0,0,0,5,8,0,0,0,0,0,0
Tre'Davious White ,CB,BUF,58,67,70,76,66,bye,72,64,67,75,74,58,65,71,71,69,71
Matt Milano ,LB,BUF,0,0,0,32,41,bye,47,52,10,14,25,13,22,51,50,45,49
Davon Godchaux ,DT,MIA,bye,32,35,42,34,21,24,37,37,34,35,41,0,28,36,33,32
Cordrea Tankersley ,CB,MIA,bye,0,0,73,59,57,55,60,61,70,64,66,8,0,0,0,64
Vincent Taylor ,DT,MIA,bye,3,29,23,23,9,0,13,0,16,7,15,36,1,10,0,0
Marcus Maye ,S,NYJ,77,57,63,78,76,66,73,66,75,71,bye,71,47,70,67,72,35
Dylan Donahue ,LB,NYJ,6,10,23,14,0,0,0,0,0,0,bye,0,0,0,0,0,0
Harvey Langi ,LB,NE,0,6,0,0,0,0,0,0,bye,0,0,0,0,0,0,0,0
Deatrich Wise Jr. ,DE,NE,17,28,34,25,29,59,45,34,bye,32,45,32,59,16,31,29,29
Demetrious Cox ,S,CAR,0,0,0,38,0,0,0,0,0,0,bye,0,0,0,0,0,0
Ryan Glasgow ,DT,CIN,26,22,15,24,21,bye,25,24,39,27,32,19,18,40,33,20,27
Carl Lawson ,DE,CIN,23,17,54,40,26,bye,16,41,16,43,32,33,24,19,19,43,32
Hardy Nickerson Jr. ,LB,CIN,1,0,3,0,0,bye,0,0,4,2,3,2,1,5,35,35,67
Jordan Willis ,LB,CIN,26,45,13,21,22,bye,23,20,25,21,18,19,3,33,31,15,25
Jordan Evans ,LB,CIN,12,0,0,0,0,bye,0,0,6,18,10,38,66,68,53,16,23
Larry Ogunjobi ,DT,CLE,17,18,18,28,13,17,3,0,bye,0,31,18,30,46,28,21,13
Chuck Clark ,S,BAL,1,0,1,3,0,0,3,0,0,bye,3,1,10,9,2,0,26
Cameron Sutton ,CB,PIT,0,0,0,0,0,0,0,0,bye,0,0,0,24,29,57,0,3
Colin Holba ,LB,JAC,0,0,0,0,0,0,0,bye,0,0,0,0,1,0,0,0,0
Nate Hairston ,CB,IND,40,44,57,48,0,25,29,33,63,48,bye,22,38,24,0,32,35
Quincy Wilson ,CB,IND,17,65,0,0,0,0,0,0,0,0,bye,0,47,67,79,73,55
Anthony Walker Jr. ,LB,IND,0,0,0,0,0,0,0,0,0,0,bye,0,0,0,29,55,31
Grover Stewart ,DT,IND,0,11,11,22,12,13,20,9,7,8,bye,17,21,18,24,32,32
Tarell Basham ,DE,IND,15,9,16,12,8,0,14,9,11,16,bye,9,20,9,22,27,24
Blair Brown ,LB,JAC,0,0,10,0,0,0,0,bye,0,0,0,10,11,8,9,0,0
Jalen Myrick ,CB,JAC,0,0,0,0,0,0,0,bye,13,0,0,0,0,0,9,0,0
Dawuane Smoot ,DE,JAC,16,16,26,6,21,10,24,bye,6,10,9,16,20,23,26,11,12
Carroll Phillips ,LB,JAC,0,0,0,0,0,0,0,bye,0,0,0,0,0,0,2,0,0
Dylan Cole ,LB,HOU,9,23,14,22,28,9,bye,0,0,0,0,19,12,7,11,27,24
Treston Decoud ,CB,HOU,0,0,0,9,0,12,bye,0,0,0,2,0,0,0,0,14,13
Carlos Watkins ,DT,HOU,0,0,0,12,0,21,bye,28,25,32,11,29,10,42,41,35,42
Jayon Brown ,LB,TEN,37,30,44,33,19,27,38,bye,33,27,48,22,38,32,28,14,18
Jamal Carter ,S,DEN,12,1,1,1,bye,0,1,0,0,0,0,2,0,4,17,14,24
DeMarcus Walker ,DE,DEN,6,9,10,8,bye,4,7,0,0,0,0,0,3,9,0,8,36
Brendan Langley ,CB,DEN,0,0,0,0,bye,0,0,0,6,8,3,43,3,0,0,0,45
Isaac Rochell ,DE,LAC,15,0,0,0,0,0,0,0,bye,0,0,0,0,0,0,24,13
Desmond King II ,CB,LAC,3,56,33,62,48,38,47,58,bye,47,49,44,52,43,61,39,36
Rayshawn Jenkins ,S,LAC,0,0,0,0,1,4,2,4,bye,0,18,7,3,8,7,10,12
Leon McQuay III ,S,KC,0,0,0,0,0,0,0,0,0,bye,0,0,0,0,0,0,46
Tanoh Kpassagnon ,DE,KC,0,0,2,0,2,0,1,10,0,bye,3,13,28,15,12,8,65
Ukeme Eligwe ,LB,KC,0,0,0,0,0,0,0,0,0,bye,0,0,0,0,0,0,65
Marquel Lee ,LB,OAK,21,10,23,28,31,0,0,0,0,0,9,2,1,1,17,6,22
Treyvon Hester ,DT,OAK,31,14,26,24,19,34,32,30,23,0,24,29,22,31,7,0,0
Eddie Vanderdoes ,DT,OAK,37,31,39,39,31,21,19,37,23,0,34,15,32,25,24,26,31
Shalom Luani ,S,OAK,0,0,0,2,2,0,1,68,2,0,9,22,4,10,1,14,51
Jourdan Lewis ,CB,DAL,0,65,48,56,48,bye,58,51,44,37,43,39,24,78,49,53,52
Chidobe Awuzie ,CB,DAL,38,5,0,0,9,bye,0,0,0,0,0,5,53,58,53,57,31
Xavier Woods ,S,DAL,0,34,43,16,21,bye,15,37,24,32,64,27,46,63,53,28,46
Elijah Qualls ,DT,PHI,0,9,15,13,14,0,0,0,0,bye,0,17,0,0,0,0,36
Rasul Douglas ,CB,PHI,0,39,70,57,20,56,28,30,38,bye,0,11,1,0,0,4,68
Nathan Gerry ,LB,PHI,0,0,0,0,0,0,0,0,0,bye,0,0,0,0,0,0,20
Dalvin Tomlinson ,DT,NYG,43,37,45,36,47,30,35,bye,38,32,38,32,36,33,43,32,30
Calvin Munson ,LB,NYG,0,62,23,1,0,8,0,bye,41,34,69,0,32,51,25,26,16
Avery Moss ,DE,NYG,0,0,0,0,29,42,34,bye,56,36,25,12,3,8,3,0,0
Fabian Moreau ,CB,WAS,0,1,4,13,bye,34,0,0,0,0,2,0,0,0,0,5,0
Montae Nicholson ,S,WAS,3,26,43,46,bye,63,65,55,0,0,18,0,0,0,0,0,0
Josh Harvey-Clemons ,S,WAS,0,0,0,0,bye,0,0,0,0,0,0,17,11,3,25,26,11
Joshua Holsey ,CB,WAS,0,0,0,0,bye,5,5,0,0,0,0,0,0,0,0,0,0
Ryan Anderson ,LB,WAS,10,12,24,8,bye,9,22,11,20,15,13,8,13,24,11,0,0
Eddie Jackson ,S,CHI,59,71,62,55,70,73,72,61,bye,66,63,77,75,54,63,59,75
Jalen Reeves-Maybin ,LB,DET,0,16,26,3,0,27,bye,22,9,0,0,1,32,21,27,37,18
Patrick O'Connor ,DE,Multi,0,0,0,0,0,0,0,0,0,0,0,0,1,4,8,0,0
Jeremiah Ledbetter ,DT,DET,33,18,29,23,31,22,bye,15,21,29,8,22,18,20,20,15,25
Josh Jones ,S,GB,0,29,61,51,38,30,52,bye,68,60,59,26,60,49,66,29,52
Montravius Adams ,DT,GB,0,0,4,0,0,0,0,bye,18,8,0,16,0,3,0,8,9
Tashawn Bower ,DE,MIN,0,0,0,0,0,0,0,0,bye,0,10,0,0,0,0,0,0
Jaleel Johnson ,DT,MIN,0,0,0,0,4,4,0,0,bye,3,10,0,0,0,0,0,20
Ben Gedeon ,LB,MIN,16,18,9,19,25,0,20,11,bye,10,15,6,20,26,22,8,20
Elijah Lee ,CB,Multi,0,0,0,0,0,4,0,0,0,0,0,0,0,0,1,6,7
Kendell Beckwith ,LB,TB,bye,58,74,80,74,65,53,34,34,52,35,44,32,61,56,39,55
Justin Evans ,S,TB,bye,7,1,45,74,57,68,65,50,69,64,64,55,68,29,0,0
Riley Bullough ,LB,TB,bye,0,0,0,0,0,0,0,0,0,0,0,0,0,2,2,3
Damontae Kazee ,S,ATL,2,5,18,60,bye,0,0,1,1,0,6,31,38,3,0,0,0
Duke Riley ,LB,ATL,49,33,26,39,bye,35,7,0,0,0,0,4,3,0,9,11,9
Bryan Cox Jr. ,DE,CAR,0,0,0,0,16,0,5,0,0,0,bye,0,22,24,24,19,19
Daeshon Hall ,DE,CAR,9,0,0,0,0,0,0,0,0,0,bye,0,0,0,0,0,0
Al-Quadin Muhammad ,DE,NO,0,0,0,0,bye,0,3,0,0,0,0,0,0,0,17,0,4
Marcus Williams ,S,NO,65,75,57,52,bye,80,54,67,59,36,64,67,0,71,68,64,79
Trey Hendrickson ,DE,NO,0,7,17,13,bye,29,20,32,34,32,28,33,20,16,0,0,0
Alex Anzalone ,LB,NO,48,59,48,3,bye,0,0,0,0,0,0,0,0,0,0,0,0
Adrian Colbert ,S,SF,0,0,0,0,0,0,29,55,62,66,bye,0,37,67,63,87,65
D.J. Jones ,DT,SF,15,23,12,16,16,18,25,8,0,14,bye,0,0,0,0,0,0
Lorenzo Jerome ,S,SF,12,0,18,22,20,0,0,0,0,0,bye,0,0,0,0,0,0
Budda Baker ,S,ARI,2,3,4,7,4,4,8,bye,8,44,70,61,58,60,51,71,58
Samson Ebukam ,LB,LAR,14,11,11,15,14,11,7,bye,20,22,16,23,48,66,14,3,56
Ejuan Price ,LB,LAR,0,0,0,0,0,0,0,bye,0,21,0,0,0,0,0,0,0
John Johnson ,S,LAR,9,0,3,29,68,69,39,bye,57,57,75,57,54,65,41,54,38
Tanzel Smart ,DT,LAR,29,20,19,31,31,30,14,bye,26,16,7,5,10,10,13,3,42
Tedric Thompson ,S,SEA,0,0,0,0,0,bye,0,0,0,0,0,0,0,0,3,5,0
Lano Hill ,S,SEA,0,0,0,4,0,bye,0,0,3,10,0,15,0,1,0,0,0
Nazair Jones ,DT,SEA,24,17,21,22,17,bye,12,23,32,48,46,23,0,0,0,0,0
Shaquill Griffin ,CB,SEA,77,20,30,56,74,bye,59,71,60,72,2,0,75,65,68,74,71
Cameron Malveaux ,DE,MIA,bye,0,0,0,0,0,0,0,0,0,0,0,32,0,21,20,34
Chase Allen ,LB,MIA,bye,14,28,3,0,0,1,5,1,3,30,21,25,10,34,10,36
Torry McTyer ,CB,MIA,bye,0,0,0,0,0,0,3,0,0,0,0,0,3,0,59,0
Adam Butler ,DT,NE,20,45,46,11,18,17,28,23,bye,38,39,33,20,55,19,34,28
Kenny Moore II ,CB,IND,0,13,0,0,0,0,45,0,0,0,bye,32,62,62,74,70,24
Brandon Bell ,LB,CIN,0,0,0,0,0,bye,0,0,0,0,0,0,0,0,6,4,26
Josh Tupou ,DT,CIN,0,0,0,0,0,bye,0,0,0,19,0,0,0,0,0,0,0
B.J. Bello ,LB,CLE,0,0,0,0,1,0,3,0,bye,0,10,6,5,2,20,18,8
Kai Nacua ,S,CLE,0,0,0,0,0,0,0,18,bye,0,0,0,14,75,14,54,39
Bam Bradley ,LB,BAL,2,0,0,0,0,0,0,0,0,bye,0,0,0,0,0,0,0
Donald Payne ,LB,JAC,0,0,0,0,0,0,0,bye,0,0,0,0,0,0,3,0,0
Jaylen Hill ,CB,BAL,0,0,0,0,0,0,9,7,0,bye,0,0,0,0,0,0,0
Reggie Porter ,CB,Multi,0,0,0,0,0,0,0,1,0,0,0,0,0,0,0,0,0
Thomas Hennessy ,LB,NYJ,0,0,0,0,0,0,0,0,0,0,bye,1,0,0,0,0,0
Garrett Sickels ,DE,FA,0,0,0,0,0,0,0,0,0,0,0,0,0,0,0,0,17
Rickey Hatley ,DT,Multi,0,0,0,0,0,0,0,0,0,0,0,0,0,0,0,0,25
Eli Ankou ,DT,JAC,17,22,27,13,22,13,29,bye,7,0,0,0,0,0,0,0,22
Daniel Ross ,DE,Multi,0,0,0,0,0,0,0,0,0,0,0,0,0,0,8,18,30
Gimel President ,DE,HOU,0,0,0,0,0,0,bye,0,0,0,0,0,33,17,11,0,6
Jerrol Garcia-Williams ,LB,DEN,0,0,0,0,bye,0,0,0,0,0,0,0,0,0,0,0,23
Michael Davis ,CB,LAC,0,0,0,0,3,0,0,0,bye,6,26,0,0,1,0,0,0
Nigel Harris ,LB,Multi,5,11,5,8,0,0,0,0,4,0,0,0,0,0,0,0,0
Xavier Woodson-Luster ,LB,Multi,0,0,0,0,0,40,0,1,0,0,0,0,1,0,2,0,0
Nicholas Morrow ,LB,OAK,4,26,42,34,33,62,38,0,2,0,15,43,59,62,45,50,38
Lewis Neal ,DE,DAL,0,0,0,0,0,bye,0,0,0,18,24,19,19,27,0,4,29
Fish Smithson ,S,WAS,0,0,0,0,bye,0,0,0,0,0,0,0,0,0,0,4,0
Isaiah Irving ,LB,CHI,0,0,0,0,0,1,2,0,bye,0,2,36,0,0,0,0,0
Alex Barrett ,DE,DET,15,13,0,0,0,0,bye,0,0,0,0,0,0,0,0,0,0
Jeremiah Valoaga ,DT,DET,16,11,15,8,18,29,bye,14,0,24,18,0,0,0,0,0,0
Lenzy Pipkins ,CB,GB,0,0,0,0,0,46,0,bye,1,0,0,0,0,0,4,19,52
Donatello Brown ,CB,GB,0,0,0,0,0,0,0,bye,0,0,0,0,0,0,0,1,0
Jermaine Grace ,LB,Multi,0,0,0,0,0,0,0,0,1,0,0,0,0,0,0,0,0
Chris Odom ,DE,GB,0,0,8,8,0,1,21,bye,11,0,0,0,0,0,0,10,0
Marcus Rios ,CB,DEN,0,0,0,0,bye,0,0,0,0,0,0,0,3,0,1,1,42
Dymonte Thomas ,S,DEN,0,0,0,0,bye,0,0,0,0,0,0,0,0,0,14,11,46
Tyrique Jarrett ,DT,DEN,3,0,0,0,bye,0,0,0,0,0,0,0,0,0,0,0,0
Rashaad Coward ,DT,CHI,0,0,0,0,0,0,0,0,bye,0,0,0,0,10,0,0,0
Xavier Coleman ,CB,NYJ,0,0,0,0,0,3,0,0,0,0,bye,0,0,0,0,0,0
Maurice Smith ,S,MIA,bye,0,0,0,0,0,0,0,18,5,0,0,0,0,0,0,0
Greg Mabin ,CB,Multi,0,0,0,0,28,0,0,0,0,0,0,3,5,26,0,0,10
LaTroy Lewis ,LB,HOU,0,0,0,0,0,0,bye,0,0,0,0,0,0,25,41,0,0
Dominique Hatfield ,CB,LAR,10,0,0,0,0,1,5,bye,8,3,41,0,0,0,0,0,0
Chunky Clements ,DT,HOU,0,0,0,0,0,0,bye,0,0,0,0,0,0,0,0,23,23
