"('Unnamed: 0_level_0', 'Unnamed: 0_level_1', 'Rk')","('Unnamed: 1_level_0', 'Unnamed: 1_level_1', 'G#')","('Unnamed: 2_level_0', 'Unnamed: 2_level_1', 'Date')","('Unnamed: 3_level_0', 'Unnamed: 3_level_1', 'Tm')","('Unnamed: 4_level_0', 'Unnamed: 4_level_1', 'Unnamed: 4_level_2')","('Unnamed: 5_level_0', 'Unnamed: 5_level_1', 'Opp')","('Unnamed: 6_level_0', 'Unnamed: 6_level_1', 'Result')","('Unnamed: 7_level_0', 'Unnamed: 7_level_1', 'Pos')","('Snap Counts', 'Off.', 'Num')","('Snap Counts', 'Off.', 'Pct')","('Snap Counts', 'Def.', 'Num')","('Snap Counts', 'Def.', 'Pct')","('Snap Counts', 'ST', 'Num')","('Snap Counts', 'ST', 'Pct')","('Unnamed: 14_level_0', 'Fantasy', 'FantPt')","('Unnamed: 15_level_0', 'Fantasy', 'DKPt')","('Unnamed: 16_level_0', 'Fantasy', 'FDPt')",Player_Address,Season,"('Inside 20', 'Rushing', 'Att')","('Inside 20', 'Rushing', 'Yds')","('Inside 20', 'Rushing', 'TD')","('Inside 20', 'Receiving', 'Tgt')","('Inside 20', 'Receiving', 'Rec')","('Inside 20', 'Receiving', 'Yds')","('Inside 20', 'Receiving', 'TD')","('Inside 10', 'Rushing', 'Att')","('Inside 10', 'Rushing', 'Yds')","('Inside 10', 'Rushing', 'TD')","('Unnamed: 24_level_0', 'Fantasy', 'FantPt')","('Unnamed: 25_level_0', 'Fantasy', 'DKPt')","('Unnamed: 26_level_0', 'Fantasy', 'FDPt')","('Inside 10', 'Receiving', 'Tgt')","('Inside 10', 'Receiving', 'Rec')","('Inside 10', 'Receiving', 'Yds')","('Inside 10', 'Receiving', 'TD')","('Unnamed: 22_level_0', 'Fantasy', 'FantPt')","('Unnamed: 23_level_0', 'Fantasy', 'DKPt')","('Unnamed: 24_level_0', 'Fantasy', 'FDPt')","('Unnamed: 28_level_0', 'Fantasy', 'FantPt')","('Unnamed: 29_level_0', 'Fantasy', 'DKPt')","('Unnamed: 30_level_0', 'Fantasy', 'FDPt')"
1.0,1.0,2015-09-13,MIA,@,WAS,W 17-10,LT,54.0,96.4%,0.0,0.0%,0.0,0.0%,,,,/players/A/AlbeBr20,2015,,,,,,,,,,,,,,,,,,,,,,,
2.0,2.0,2015-09-20,MIA,@,JAX,L 20-23,LT,19.0,27.9%,0.0,0.0%,0.0,0.0%,,,,/players/A/AlbeBr20,2015,,,,,,,,,,,,,,,,,,,,,,,
3.0,5.0,2015-10-18,MIA,@,TEN,W 38-10,LT,66.0,98.5%,0.0,0.0%,0.0,0.0%,,,,/players/A/AlbeBr20,2015,,,,,,,,,,,,,,,,,,,,,,,
4.0,6.0,2015-10-25,MIA,,HOU,W 44-26,LT,56.0,88.9%,0.0,0.0%,0.0,0.0%,,,,/players/A/AlbeBr20,2015,,,,,,,,,,,,,,,,,,,,,,,
5.0,7.0,2015-10-29,MIA,@,NWE,L 7-36,LT,63.0,100.0%,0.0,0.0%,2.0,6.7%,,,,/players/A/AlbeBr20,2015,,,,,,,,,,,,,,,,,,,,,,,
6.0,8.0,2015-11-08,MIA,@,BUF,L 17-33,LT,69.0,100.0%,0.0,0.0%,0.0,0.0%,,,,/players/A/AlbeBr20,2015,,,,,,,,,,,,,,,,,,,,,,,
7.0,9.0,2015-11-15,MIA,@,PHI,W 20-19,LT,67.0,100.0%,0.0,0.0%,0.0,0.0%,,,,/players/A/AlbeBr20,2015,,,,,,,,,,,,,,,,,,,,,,,
8.0,10.0,2015-11-22,MIA,,DAL,L 14-24,LT,48.0,100.0%,0.0,0.0%,0.0,0.0%,,,,/players/A/AlbeBr20,2015,,,,,,,,,,,,,,,,,,,,,,,
9.0,11.0,2015-11-29,MIA,@,NYJ,L 20-38,LT,70.0,97.2%,0.0,0.0%,3.0,9.1%,,,,/players/A/AlbeBr20,2015,,,,,,,,,,,,,,,,,,,,,,,
10.0,12.0,2015-12-06,MIA,,BAL,W 15-13,LT,48.0,100.0%,0.0,0.0%,3.0,10.7%,,,,/players/A/AlbeBr20,2015,,,,,,,,,,,,,,,,,,,,,,,
11.0,13.0,2015-12-14,MIA,,NYG,L 24-31,LT,67.0,100.0%,0.0,0.0%,0.0,0.0%,,,,/players/A/AlbeBr20,2015,,,,,,,,,,,,,,,,,,,,,,,
12.0,14.0,2015-12-20,MIA,@,SDG,L 14-30,LT,12.0,21.1%,0.0,0.0%,0.0,0.0%,,,,/players/A/AlbeBr20,2015,,,,,,,,,,,,,,,,,,,,,,,
13.0,15.0,2015-12-27,MIA,,IND,L 12-18,LT,72.0,100.0%,0.0,0.0%,2.0,8.7%,,,,/players/A/AlbeBr20,2015,,,,,,,,,,,,,,,,,,,,,,,
14.0,16.0,2016-01-03,MIA,,NWE,W 20-10,LT,75.0,100.0%,0.0,0.0%,5.0,16.7%,,,,/players/A/AlbeBr20,2015,,,,,,,,,,,,,,,,,,,,,,,
1.0,1.0,2015-09-14,PHI,@,ATL,L 24-26,S,0.0,0.0%,0.0,0.0%,5.0,15.6%,,,,/players/A/AjirSe00,2015,,,,,,,,,,,,,,,,,,,,,,,
2.0,3.0,2015-09-27,PHI,@,NYJ,W 24-17,WR,2.0,2.9%,0.0,0.0%,26.0,78.8%,,,,/players/A/AjirSe00,2015,,,,,,,,,,,,,,,,,,,,,,,
3.0,4.0,2015-10-04,PHI,@,WAS,L 20-23,WR,0.0,0.0%,0.0,0.0%,21.0,70.0%,,,,/players/A/AjirSe00,2015,,,,,,,,,,,,,,,,,,,,,,,
4.0,5.0,2015-10-11,PHI,,NOR,W 39-17,WR,0.0,0.0%,0.0,0.0%,19.0,63.3%,,,,/players/A/AjirSe00,2015,,,,,,,,,,,,,,,,,,,,,,,
5.0,6.0,2015-10-19,PHI,,NYG,W 27-7,WR,1.0,1.3%,0.0,0.0%,21.0,77.8%,,,,/players/A/AjirSe00,2015,,,,,,,,,,,,,,,,,,,,,,,
6.0,7.0,2015-10-25,PHI,@,CAR,L 16-27,WR,0.0,0.0%,0.0,0.0%,20.0,66.7%,,,,/players/A/AjirSe00,2015,,,,,,,,,,,,,,,,,,,,,,,
7.0,8.0,2015-11-08,PHI,@,DAL,W 33-27,WR,0.0,0.0%,0.0,0.0%,23.0,69.7%,,,,/players/A/AjirSe00,2015,,,,,,,,,,,,,,,,,,,,,,,
8.0,9.0,2015-11-15,PHI,,MIA,L 19-20,WR,0.0,0.0%,0.0,0.0%,25.0,75.8%,,,,/players/A/AjirSe00,2015,,,,,,,,,,,,,,,,,,,,,,,
9.0,10.0,2015-11-22,PHI,,TAM,L 17-45,WR,0.0,0.0%,0.0,0.0%,22.0,68.8%,,,,/players/A/AjirSe00,2015,,,,,,,,,,,,,,,,,,,,,,,
10.0,11.0,2015-11-26,PHI,@,DET,L 14-45,WR,4.0,6.8%,0.0,0.0%,21.0,67.7%,0.4,1.4,0.9,/players/A/AjirSe00,2015,,,,,,,,,,,,,,,,,,,,,,,
11.0,12.0,2015-12-06,PHI,@,NWE,W 35-28,WR,0.0,0.0%,0.0,0.0%,25.0,71.4%,,,,/players/A/AjirSe00,2015,,,,,,,,,,,,,,,,,,,,,,,
12.0,13.0,2015-12-13,PHI,,BUF,W 23-20,WR,2.0,2.6%,0.0,0.0%,25.0,73.5%,,,,/players/A/AjirSe00,2015,,,,,,,,,,,,,,,,,,,,,,,
13.0,14.0,2015-12-20,PHI,,ARI,L 17-40,WR,0.0,0.0%,0.0,0.0%,10.0,34.5%,,,,/players/A/AjirSe00,2015,,,,,,,,,,,,,,,,,,,,,,,
1.0,8.0,2015-11-08,MIA,@,BUF,L 17-33,RB,7.0,10.1%,0.0,0.0%,4.0,16.0%,,,,/players/A/AjayJa00,2015,1.0,6.0,0.0,0.0,0.0,0.0,0.0,1.0,6.0,0.0,4.1,4.1,4.1,,,,,,,,,,
2.0,9.0,2015-11-15,MIA,@,PHI,W 20-19,RB,12.0,17.9%,0.0,0.0%,4.0,12.1%,,,,/players/A/AjayJa00,2015,1.0,-1.0,0.0,0.0,0.0,0.0,0.0,0.0,0.0,0.0,4.8,4.8,4.8,,,,,,,,,,
3.0,10.0,2015-11-22,MIA,,DAL,L 14-24,RB,12.0,25.0%,0.0,0.0%,0.0,0.0%,,,,/players/A/AjayJa00,2015,,,,,,,,,,,3.6,5.6,4.6,,,,,,,,,,
4.0,11.0,2015-11-29,MIA,@,NYJ,L 20-38,RB,41.0,56.9%,0.0,0.0%,7.0,21.2%,,,,/players/A/AjayJa00,2015,1.0,0.0,0.0,1.0,1.0,11.0,0.0,1.0,0.0,0.0,5.8,9.8,7.8,,,,,,,,,,
5.0,12.0,2015-12-06,MIA,,BAL,W 15-13,RB,9.0,18.8%,0.0,0.0%,4.0,14.3%,,,,/players/A/AjayJa00,2015,,,,,,,,,,,3.2,3.2,3.2,,,,,,,,,,
6.0,13.0,2015-12-14,MIA,,NYG,L 24-31,RB,17.0,25.4%,0.0,0.0%,11.0,34.4%,,,,/players/A/AjayJa00,2015,,,,,,,,,,,1.5,1.5,1.5,,,,,,,,,,
7.0,14.0,2015-12-20,MIA,@,SDG,L 14-30,RB,31.0,54.4%,0.0,0.0%,14.0,48.3%,,,,/players/A/AjayJa00,2015,1.0,12.0,1.0,0.0,0.0,0.0,0.0,0.0,0.0,0.0,10.2,11.2,10.7,,,,,,,,,,
8.0,15.0,2015-12-27,MIA,,IND,L 12-18,RB,13.0,18.1%,0.0,0.0%,7.0,30.4%,,,,/players/A/AjayJa00,2015,4.0,13.0,0.0,0.0,0.0,0.0,0.0,2.0,0.0,0.0,2.3,2.3,2.3,,,,,,,,,,
9.0,16.0,2016-01-03,MIA,,NWE,W 20-10,RB,16.0,21.3%,0.0,0.0%,9.0,30.0%,,,,/players/A/AjayJa00,2015,2.0,4.0,0.0,0.0,0.0,0.0,0.0,2.0,4.0,0.0,0.2,0.2,0.2,,,,,,,,,,
1.0,1.0,2015-09-13,MIA,@,WAS,W 17-10,S,0.0,0.0%,57.0,75.0%,10.0,50.0%,,,,/players/A/AikeWa00,2015,,,,,,,,,,,,,,,,,,,,,,,
2.0,2.0,2015-09-20,MIA,@,JAX,L 20-23,S,0.0,0.0%,55.0,75.3%,17.0,50.0%,,,,/players/A/AikeWa00,2015,,,,,,,,,,,,,,,,,,,,,,,
3.0,3.0,2015-09-27,MIA,,BUF,L 14-41,S,0.0,0.0%,24.0,36.9%,15.0,53.6%,,,,/players/A/AikeWa00,2015,,,,,,,,,,,,,,,,,,,,,,,
4.0,4.0,2015-10-04,MIA,,NYJ,L 14-27,S,0.0,0.0%,42.0,54.5%,16.0,55.2%,,,,/players/A/AikeWa00,2015,,,,,,,,,,,,,,,,,,,,,,,
5.0,5.0,2015-10-18,MIA,@,TEN,W 38-10,S,0.0,0.0%,45.0,65.2%,13.0,54.2%,,,,/players/A/AikeWa00,2015,,,,,,,,,,,,,,,,,,,,,,,
6.0,6.0,2015-10-25,MIA,,HOU,W 44-26,S,0.0,0.0%,54.0,66.7%,22.0,59.5%,,,,/players/A/AikeWa00,2015,,,,,,,,,,,,,,,,,,,,,,,
7.0,7.0,2015-10-29,MIA,@,NWE,L 7-36,S,0.0,0.0%,43.0,59.7%,25.0,83.3%,,,,/players/A/AikeWa00,2015,,,,,,,,,,,,,,,,,,,,,,,
8.0,8.0,2015-11-08,MIA,@,BUF,L 17-33,S,0.0,0.0%,23.0,41.8%,19.0,76.0%,,,,/players/A/AikeWa00,2015,,,,,,,,,,,,,,,,,,,,,,,
9.0,9.0,2015-11-15,MIA,@,PHI,W 20-19,S,0.0,0.0%,58.0,60.4%,26.0,78.8%,,,,/players/A/AikeWa00,2015,,,,,,,,,,,,,,,,,,,,,,,
10.0,10.0,2015-11-22,MIA,,DAL,L 14-24,S,0.0,0.0%,41.0,57.7%,17.0,70.8%,,,,/players/A/AikeWa00,2015,,,,,,,,,,,,,,,,,,,,,,,
11.0,11.0,2015-11-29,MIA,@,NYJ,L 20-38,S,0.0,0.0%,0.0,0.0%,29.0,87.9%,,,,/players/A/AikeWa00,2015,,,,,,,,,,,,,,,,,,,,,,,
12.0,12.0,2015-12-06,MIA,,BAL,W 15-13,DB,0.0,0.0%,2.0,2.6%,25.0,89.3%,,,,/players/A/AikeWa00,2015,,,,,,,,,,,,,,,,,,,,,,,
13.0,13.0,2015-12-14,MIA,,NYG,L 24-31,S,0.0,0.0%,0.0,0.0%,27.0,84.4%,,,,/players/A/AikeWa00,2015,,,,,,,,,,,,,,,,,,,,,,,
14.0,14.0,2015-12-20,MIA,@,SDG,L 14-30,S,0.0,0.0%,0.0,0.0%,27.0,93.1%,,,,/players/A/AikeWa00,2015,,,,,,,,,,,,,,,,,,,,,,,
15.0,15.0,2015-12-27,MIA,,IND,L 12-18,S,0.0,0.0%,0.0,0.0%,21.0,91.3%,,,,/players/A/AikeWa00,2015,,,,,,,,,,,,,,,,,,,,,,,
16.0,16.0,2016-01-03,MIA,,NWE,W 20-10,S,0.0,0.0%,0.0,0.0%,25.0,83.3%,,,,/players/A/AikeWa00,2015,,,,,,,,,,,,,,,,,,,,,,,
1.0,1.0,2015-09-13,BAL,@,DEN,L 13-19,WR,44.0,75.9%,0.0,0.0%,1.0,3.4%,,,,/players/A/AikeKa00,2015,,,,,,,,,,,,,,,,,,,0.9,0.4,,,
2.0,2.0,2015-09-20,BAL,@,OAK,L 33-37,WR,55.0,67.1%,0.0,0.0%,0.0,0.0%,,,,/players/A/AikeKa00,2015,,,,1.0,0.0,0.0,0.0,,,,,,,1.0,0.0,0.0,0.0,6.9,12.9,9.4,,,
3.0,3.0,2015-09-27,BAL,,CIN,L 24-28,WR,63.0,85.1%,0.0,0.0%,0.0,0.0%,,,,/players/A/AikeKa00,2015,,,,,,,,,,,,,,,,,,,,,,,
4.0,4.0,2015-10-01,BAL,@,PIT,W 23-20,WR,63.0,79.7%,0.0,0.0%,9.0,28.1%,,,,/players/A/AikeKa00,2015,,,,1.0,1.0,15.0,1.0,,,,,,,0.0,0.0,0.0,0.0,13.7,18.7,16.2,,,
5.0,5.0,2015-10-11,BAL,,CLE,L 30-33,WR,64.0,91.4%,0.0,0.0%,0.0,0.0%,,,,/players/A/AikeKa00,2015,,,,1.0,0.0,0.0,0.0,,,,,,,1.0,0.0,0.0,0.0,7.8,11.8,9.8,,,
6.0,6.0,2015-10-18,BAL,@,SFO,L 20-25,WR,62.0,81.6%,0.0,0.0%,0.0,0.0%,,,,/players/A/AikeKa00,2015,,,,1.0,1.0,2.0,1.0,,,,,,,1.0,1.0,2.0,1.0,8.2,11.2,9.7,,,
7.0,7.0,2015-10-26,BAL,@,ARI,L 18-26,WR,52.0,81.3%,0.0,0.0%,2.0,7.1%,,,,/players/A/AikeKa00,2015,,,,,,,,,,,,,,,,,,0.6,1.6,1.1,,,
8.0,8.0,2015-11-01,BAL,,SDG,W 29-26,WR,47.0,69.1%,0.0,0.0%,0.0,0.0%,,,,/players/A/AikeKa00,2015,,,,,,,,,,,,,,,,,,6.2,12.2,9.2,,,
9.0,9.0,2015-11-15,BAL,,JAX,L 20-22,WR,54.0,79.4%,0.0,0.0%,1.0,3.4%,,,,/players/A/AikeKa00,2015,,,,,,,,,,,,,,,,,,7.3,14.3,10.8,,,
10.0,10.0,2015-11-22,BAL,,STL,W 16-13,WR,75.0,97.4%,0.0,0.0%,0.0,0.0%,,,,/players/A/AikeKa00,2015,,,,2.0,2.0,10.0,1.0,,,,,,,2.0,2.0,10.0,1.0,11.0,16.0,13.5,,,
11.0,11.0,2015-11-30,BAL,@,CLE,W 33-27,WR,51.0,86.4%,0.0,0.0%,0.0,0.0%,,,,/players/A/AikeKa00,2015,,,,2.0,2.0,19.0,1.0,,,,,,,0.0,0.0,0.0,0.0,14.0,20.0,17.0,,,
12.0,12.0,2015-12-06,BAL,@,MIA,L 13-15,WR,65.0,83.3%,0.0,0.0%,0.0,0.0%,,,,/players/A/AikeKa00,2015,,,,,,,,,,,,,,,,,,4.8,10.8,7.8,,,
13.0,13.0,2015-12-13,BAL,,SEA,L 6-35,WR,52.0,89.7%,0.0,0.0%,0.0,0.0%,,,,/players/A/AikeKa00,2015,,,,,,,,,,,,,,,,,,9.0,14.0,11.5,,,
14.0,14.0,2015-12-20,BAL,,KAN,L 14-34,WR,53.0,77.9%,0.0,0.0%,0.0,0.0%,,,,/players/A/AikeKa00,2015,,,,,,,,,,,,,,,,,,18.8,29.8,22.8,,,
15.0,15.0,2015-12-27,BAL,,PIT,W 20-17,WR,63.0,84.0%,0.0,0.0%,0.0,0.0%,,,,/players/A/AikeKa00,2015,,,,,,,,,,,,,,,,,,6.6,14.6,10.6,,,
16.0,16.0,2016-01-03,BAL,@,CIN,L 16-24,WR,74.0,92.5%,0.0,0.0%,1.0,3.6%,,,,/players/A/AikeKa00,2015,,,,,,,,,,,,,,,,,,7.6,12.6,10.1,,,
1.0,13.0,2015-12-14,NYG,@,MIA,W 31-24,LS,0.0,0.0%,0.0,0.0%,10.0,31.3%,,,,/players/A/AikeDa00,2015,,,,,,,,,,,,,,,,,,,,,,,
2.0,14.0,2015-12-20,NYG,,CAR,L 35-38,LS,0.0,0.0%,0.0,0.0%,12.0,31.6%,,,,/players/A/AikeDa00,2015,,,,,,,,,,,,,,,,,,,,,,,
3.0,15.0,2015-12-27,NYG,@,MIN,L 17-49,LS,0.0,0.0%,0.0,0.0%,9.0,23.7%,,,,/players/A/AikeDa00,2015,,,,,,,,,,,,,,,,,,,,,,,
1.0,1.0,2015-09-14,PHI,@,ATL,L 24-26,WR,58.0,79.5%,0.0,0.0%,0.0,0.0%,,,,/players/A/AghoNe00,2015,,,,,,,,,,,,,,,,,,0.5,1.5,1.0,,,
2.0,2.0,2015-09-20,PHI,,DAL,L 10-20,WR,47.0,75.8%,0.0,0.0%,0.0,0.0%,,,,/players/A/AghoNe00,2015,,,,1.0,0.0,0.0,0.0,,,,,,,1.0,0.0,0.0,0.0,3.1,6.1,4.6,,,
3.0,3.0,2015-09-27,PHI,@,NYJ,W 24-17,WR,67.0,95.7%,0.0,0.0%,0.0,0.0%,,,,/players/A/AghoNe00,2015,,,,,,,,,,,,,,,,,,,,,,,
4.0,4.0,2015-10-04,PHI,@,WAS,L 20-23,WR,54.0,96.4%,0.0,0.0%,0.0,0.0%,,,,/players/A/AghoNe00,2015,,,,,,,,,,,,,,,,,,4.4,8.4,5.9,,,
5.0,5.0,2015-10-11,PHI,,NOR,W 39-17,WR,34.0,40.5%,0.0,0.0%,0.0,0.0%,,,,/players/A/AghoNe00,2015,,,,,,,,,,,,,,,,,,0.5,1.5,1.0,,,
6.0,9.0,2015-11-15,PHI,,MIA,L 19-20,WR,53.0,55.2%,0.0,0.0%,1.0,3.0%,,,,/players/A/AghoNe00,2015,,,,1.0,1.0,7.0,0.0,,,,,,,0.0,0.0,0.0,0.0,3.2,6.2,4.7,,,
7.0,10.0,2015-11-22,PHI,,TAM,L 17-45,WR,54.0,76.1%,0.0,0.0%,0.0,0.0%,,,,/players/A/AghoNe00,2015,,,,,,,,,,,,,,,,,,1.1,4.1,2.6,,,
8.0,11.0,2015-11-26,PHI,@,DET,L 14-45,WR,39.0,66.1%,0.0,0.0%,0.0,0.0%,,,,/players/A/AghoNe00,2015,,,,,,,,,,,,,,,,,,1.5,3.5,2.5,,,
9.0,12.0,2015-12-06,PHI,@,NWE,W 35-28,WR,33.0,54.1%,0.0,0.0%,0.0,0.0%,,,,/players/A/AghoNe00,2015,,,,,,,,,,,,,,,,,,,,,,,
10.0,13.0,2015-12-13,PHI,,BUF,W 23-20,WR,59.0,76.6%,0.0,0.0%,0.0,0.0%,,,,/players/A/AghoNe00,2015,,,,1.0,0.0,0.0,0.0,,,,,,,0.0,0.0,0.0,0.0,12.2,15.2,13.7,,,
11.0,14.0,2015-12-20,PHI,,ARI,L 17-40,WR,57.0,89.1%,0.0,0.0%,0.0,0.0%,,,,/players/A/AghoNe00,2015,,,,,,,,,,,,,,,,,,,,,,,
12.0,15.0,2015-12-26,PHI,,WAS,L 24-38,WR,68.0,84.0%,0.0,0.0%,0.0,0.0%,,,,/players/A/AghoNe00,2015,,,,2.0,0.0,0.0,0.0,,,,,,,0.0,0.0,0.0,0.0,3.5,5.5,4.5,,,
13.0,16.0,2016-01-03,PHI,@,NYG,W 35-30,WR,46.0,69.7%,0.0,0.0%,0.0,0.0%,,,,/players/A/AghoNe00,2015,,,,1.0,1.0,16.0,0.0,,,,,,,0.0,0.0,0.0,0.0,2.3,4.3,3.3,,,
1.0,10.0,2015-11-22,IND,@,ATL,W 24-21,LB,0.0,0.0%,0.0,0.0%,23.0,85.2%,,,,/players/A/AdonDa00,2015,,,,,,,,,,,,,,,,,,,,,,,
2.0,11.0,2015-11-29,IND,,TAM,W 25-12,OLB,0.0,0.0%,0.0,0.0%,21.0,75.0%,,,,/players/A/AdonDa00,2015,,,,,,,,,,,,,,,,,,,,,,,
3.0,12.0,2015-12-06,IND,@,PIT,L 10-45,OLB,0.0,0.0%,1.0,1.4%,25.0,89.3%,,,,/players/A/AdonDa00,2015,,,,,,,,,,,,,,,,,,,,,,,
1.0,4.0,2015-10-04,TAM,,CAR,L 23-37,DB,0.0,0.0%,1.0,1.7%,8.0,25.0%,,,,/players/A/AdjeJu00,2015,,,,,,,,,,,,,,,,,,,,,,,
2.0,5.0,2015-10-11,TAM,,JAX,W 38-31,CB,0.0,0.0%,1.0,1.7%,16.0,50.0%,,,,/players/A/AdjeJu00,2015,,,,,,,,,,,,,,,,,,,,,,,
3.0,6.0,2015-10-25,TAM,@,WAS,L 30-31,CB,0.0,0.0%,13.0,20.3%,19.0,63.3%,,,,/players/A/AdjeJu00,2015,,,,,,,,,,,,,,,,,,,,,,,
4.0,7.0,2015-11-01,TAM,@,ATL,W 23-20,CB,0.0,0.0%,24.0,30.0%,9.0,37.5%,,,,/players/A/AdjeJu00,2015,,,,,,,,,,,,,,,,,,,,,,,
5.0,8.0,2015-11-08,TAM,,NYG,L 18-32,CB,0.0,0.0%,73.0,97.3%,6.0,22.2%,,,,/players/A/AdjeJu00,2015,,,,,,,,,,,,,,,,,,,,,,,
6.0,9.0,2015-11-15,TAM,,DAL,W 10-6,CB,0.0,0.0%,50.0,92.6%,5.0,22.7%,,,,/players/A/AdjeJu00,2015,,,,,,,,,,,,,,,,,,,,,,,
7.0,10.0,2015-11-22,TAM,@,PHI,W 45-17,CB,0.0,0.0%,69.0,97.2%,3.0,9.4%,,,,/players/A/AdjeJu00,2015,,,,,,,,,,,,,,,,,,,,,,,
8.0,11.0,2015-11-29,TAM,@,IND,L 12-25,CB,0.0,0.0%,74.0,100.0%,7.0,25.0%,,,,/players/A/AdjeJu00,2015,,,,,,,,,,,,,,,,,,,,,,,
9.0,12.0,2015-12-06,TAM,,ATL,W 23-19,CB,0.0,0.0%,38.0,56.7%,3.0,12.0%,,,,/players/A/AdjeJu00,2015,,,,,,,,,,,,,,,,,,,,,,,
10.0,13.0,2015-12-13,TAM,,NOR,L 17-24,CB,0.0,0.0%,79.0,96.3%,5.0,19.2%,,,,/players/A/AdjeJu00,2015,,,,,,,,,,,,,,,,,,,,,,,
11.0,14.0,2015-12-17,TAM,@,STL,L 23-31,CB,0.0,0.0%,9.0,17.3%,8.0,26.7%,,,,/players/A/AdjeJu00,2015,,,,,,,,,,,,,,,,,,,,,,,
12.0,15.0,2015-12-27,TAM,,CHI,L 21-26,CB,0.0,0.0%,2.0,2.8%,19.0,63.3%,,,,/players/A/AdjeJu00,2015,,,,,,,,,,,,,,,,,,,,,,,
13.0,16.0,2016-01-03,TAM,@,CAR,L 10-38,CB,0.0,0.0%,35.0,54.7%,15.0,62.5%,,,,/players/A/AdjeJu00,2015,,,,,,,,,,,,,,,,,,,,,,,
1.0,1.0,2015-09-13,CAR,@,JAX,W 20-9,DE,0.0,0.0%,31.0,46.3%,5.0,19.2%,,,,/players/A/AddiMa00,2015,,,,,,,,,,,,,,,,,,,,,,,
2.0,2.0,2015-09-20,CAR,,HOU,W 24-17,DE,0.0,0.0%,46.0,52.3%,12.0,37.5%,,,,/players/A/AddiMa00,2015,,,,,,,,,,,,,,,,,,,,,,,
3.0,3.0,2015-09-27,CAR,,NOR,W 27-22,DE,0.0,0.0%,32.0,45.7%,13.0,50.0%,,,,/players/A/AddiMa00,2015,,,,,,,,,,,,,,,,,,,,,,,
4.0,4.0,2015-10-04,CAR,@,TAM,W 37-23,DE,0.0,0.0%,40.0,50.6%,13.0,40.6%,,,,/players/A/AddiMa00,2015,,,,,,,,,,,,,,,,,,,,,,,
5.0,5.0,2015-10-18,CAR,@,SEA,W 27-23,DE,0.0,0.0%,32.0,52.5%,15.0,46.9%,,,,/players/A/AddiMa00,2015,,,,,,,,,,,,,,,,,,,,,,,
6.0,6.0,2015-10-25,CAR,,PHI,W 27-16,DE,0.0,0.0%,17.0,20.5%,9.0,30.0%,,,,/players/A/AddiMa00,2015,,,,,,,,,,,,,,,,,,,,,,,
7.0,8.0,2015-11-08,CAR,,GNB,W 37-29,DE,0.0,0.0%,36.0,46.8%,4.0,10.5%,,,,/players/A/AddiMa00,2015,,,,,,,,,,,,,,,,,,,,,,,
8.0,9.0,2015-11-15,CAR,@,TEN,W 27-10,DE,0.0,0.0%,17.0,37.0%,0.0,0.0%,,,,/players/A/AddiMa00,2015,,,,,,,,,,,,,,,,,,,,,,,
9.0,10.0,2015-11-22,CAR,,WAS,W 44-16,DE,0.0,0.0%,13.0,27.1%,0.0,0.0%,,,,/players/A/AddiMa00,2015,,,,,,,,,,,,,,,,,,,,,,,
10.0,11.0,2015-11-26,CAR,@,DAL,W 33-14,DE,0.0,0.0%,28.0,48.3%,0.0,0.0%,,,,/players/A/AddiMa00,2015,,,,,,,,,,,,,,,,,,,,,,,
11.0,13.0,2015-12-13,CAR,,ATL,W 38-0,DE,0.0,0.0%,29.0,44.6%,5.0,21.7%,,,,/players/A/AddiMa00,2015,,,,,,,,,,,,,,,,,,,,,,,
12.0,14.0,2015-12-20,CAR,@,NYG,W 38-35,DE,0.0,0.0%,18.0,24.0%,14.0,36.8%,,,,/players/A/AddiMa00,2015,,,,,,,,,,,,,,,,,,,,,,,
13.0,15.0,2015-12-27,CAR,@,ATL,L 13-20,DE,0.0,0.0%,22.0,35.5%,10.0,47.6%,,,,/players/A/AddiMa00,2015,,,,,,,,,,,,,,,,,,,,,,,
14.0,16.0,2016-01-03,CAR,,TAM,W 38-10,DE,0.0,0.0%,31.0,41.9%,8.0,33.3%,,,,/players/A/AddiMa00,2015,,,,,,,,,,,,,,,,,,,,,,,
1.0,1.0,2015-09-13,SDG,,DET,W 33-28,SS,0.0,0.0%,34.0,72.3%,9.0,31.0%,,,,/players/A/AddaJa00,2015,,,,,,,,,,,,,,,,,,,,,,,
2.0,5.0,2015-10-12,SDG,,PIT,L 20-24,S,0.0,0.0%,21.0,36.8%,9.0,29.0%,,,,/players/A/AddaJa00,2015,,,,,,,,,,,,,,,,,,,,,,,
3.0,6.0,2015-10-18,SDG,@,GNB,L 20-27,SS,0.0,0.0%,26.0,49.1%,3.0,11.5%,,,,/players/A/AddaJa00,2015,,,,,,,,,,,,,,,,,,,,,,,
4.0,7.0,2015-10-25,SDG,,OAK,L 29-37,S,0.0,0.0%,62.0,100.0%,3.0,9.4%,,,,/players/A/AddaJa00,2015,,,,,,,,,,,,,,,,,,,,,,,
5.0,8.0,2015-11-01,SDG,@,BAL,L 26-29,SS,0.0,0.0%,67.0,98.5%,0.0,0.0%,,,,/players/A/AddaJa00,2015,,,,,,,,,,,,,,,,,,,,,,,
6.0,9.0,2015-11-09,SDG,,CHI,L 19-22,SS,0.0,0.0%,72.0,100.0%,4.0,17.4%,,,,/players/A/AddaJa00,2015,,,,,,,,,,,,,,,,,,,,,,,
7.0,10.0,2015-11-22,SDG,,KAN,L 3-33,SS,0.0,0.0%,42.0,66.7%,4.0,14.3%,,,,/players/A/AddaJa00,2015,,,,,,,,,,,,,,,,,,,,,,,
8.0,11.0,2015-11-29,SDG,@,JAX,W 31-25,SS,0.0,0.0%,71.0,100.0%,1.0,3.0%,,,,/players/A/AddaJa00,2015,,,,,,,,,,,,,,,,,,,,,,,
9.0,12.0,2015-12-06,SDG,,DEN,L 3-17,SS,0.0,0.0%,68.0,98.6%,5.0,23.8%,,,,/players/A/AddaJa00,2015,,,,,,,,,,,,,,,,,,,,,,,
10.0,13.0,2015-12-13,SDG,@,KAN,L 3-10,SS,0.0,0.0%,54.0,100.0%,0.0,0.0%,,,,/players/A/AddaJa00,2015,,,,,,,,,,,,,,,,,,,,,,,
11.0,14.0,2015-12-20,SDG,,MIA,W 30-14,SS,0.0,0.0%,57.0,100.0%,1.0,3.4%,,,,/players/A/AddaJa00,2015,,,,,,,,,,,,,,,,,,,,,,,
12.0,15.0,2015-12-24,SDG,@,OAK,L 20-23,SS,0.0,0.0%,70.0,100.0%,2.0,5.7%,,,,/players/A/AddaJa00,2015,,,,,,,,,,,,,,,,,,,,,,,
13.0,16.0,2016-01-03,SDG,@,DEN,L 20-27,SS,0.0,0.0%,66.0,100.0%,5.0,16.7%,,,,/players/A/AddaJa00,2015,,,,,,,,,,,,,,,,,,,,,,,
1.0,1.0,2015-09-14,ATL,,PHI,W 26-24,CB,0.0,0.0%,56.0,76.7%,17.0,53.1%,,,,/players/A/AdamPh00,2015,,,,,,,,,,,,,,,,,,,,,,,
2.0,2.0,2015-09-20,ATL,@,NYG,W 24-20,CB,0.0,0.0%,48.0,67.6%,14.0,46.7%,,,,/players/A/AdamPh00,2015,,,,,,,,,,,,,,,,,,,,,,,
3.0,3.0,2015-09-27,ATL,@,DAL,W 39-28,CB,0.0,0.0%,27.0,50.9%,0.0,0.0%,,,,/players/A/AdamPh00,2015,,,,,,,,,,,,,,,,,,,,,,,
4.0,4.0,2015-10-04,ATL,,HOU,W 48-21,CB,0.0,0.0%,44.0,57.1%,11.0,35.5%,,,,/players/A/AdamPh00,2015,,,,,,,,,,,,,,,,,,,,,,,
5.0,5.0,2015-10-11,ATL,,WAS,W 25-19,CB,0.0,0.0%,42.0,68.9%,4.0,16.7%,,,,/players/A/AdamPh00,2015,,,,,,,,,,,,,,,,,,,,,,,
6.0,6.0,2015-10-15,ATL,@,NOR,L 21-31,CB,0.0,0.0%,33.0,45.8%,6.0,21.4%,,,,/players/A/AdamPh00,2015,,,,,,,,,,,,,,,,,,,,,,,
7.0,7.0,2015-10-25,ATL,@,TEN,W 10-7,CB,0.0,0.0%,0.0,0.0%,2.0,9.5%,,,,/players/A/AdamPh00,2015,,,,,,,,,,,,,,,,,,,,,,,
8.0,8.0,2015-11-01,ATL,,TAM,L 20-23,CB,0.0,0.0%,37.0,52.9%,13.0,54.2%,,,,/players/A/AdamPh00,2015,,,,,,,,,,,,,,,,,,,,,,,
9.0,9.0,2015-11-08,ATL,@,SFO,L 16-17,CB,0.0,0.0%,18.0,27.3%,7.0,24.1%,,,,/players/A/AdamPh00,2015,,,,,,,,,,,,,,,,,,,,,,,
10.0,13.0,2015-12-13,ATL,@,CAR,L 0-38,CB,0.0,0.0%,25.0,38.5%,14.0,60.9%,,,,/players/A/AdamPh00,2015,,,,,,,,,,,,,,,,,,,,,,,
11.0,14.0,2015-12-20,ATL,@,JAX,W 23-17,CB,0.0,0.0%,36.0,58.1%,10.0,34.5%,,,,/players/A/AdamPh00,2015,,,,,,,,,,,,,,,,,,,,,,,
12.0,15.0,2015-12-27,ATL,,CAR,W 20-13,CB,0.0,0.0%,34.0,65.4%,6.0,28.6%,,,,/players/A/AdamPh00,2015,,,,,,,,,,,,,,,,,,,,,,,
13.0,16.0,2016-01-03,ATL,,NOR,L 17-20,CB,0.0,0.0%,28.0,41.2%,2.0,10.0%,,,,/players/A/AdamPh00,2015,,,,,,,,,,,,,,,,,,,,,,,
1.0,1.0,2015-09-13,IND,@,BUF,L 14-27,SS,0.0,0.0%,59.0,100.0%,5.0,20.8%,,,,/players/A/AdamMi21,2015,,,,,,,,,,,,,,,,,,,,,,,
2.0,2.0,2015-09-21,IND,,NYJ,L 7-20,SS,0.0,0.0%,69.0,100.0%,5.0,22.7%,,,,/players/A/AdamMi21,2015,,,,,,,,,,,,,,,,,,,,,,,
3.0,3.0,2015-09-27,IND,@,TEN,W 35-33,SS,0.0,0.0%,81.0,100.0%,5.0,14.7%,,,,/players/A/AdamMi21,2015,,,,,,,,,,,,,,,,,,,,,,,
4.0,4.0,2015-10-04,IND,,JAX,W 16-13,SS,0.0,0.0%,78.0,95.1%,5.0,15.2%,,,,/players/A/AdamMi21,2015,,,,,,,,,,,,,,,,,,,,,,,
5.0,5.0,2015-10-08,IND,@,HOU,W 27-20,SS,0.0,0.0%,70.0,92.1%,4.0,16.0%,,,,/players/A/AdamMi21,2015,,,,,,,,,,,,,,,,,,,,,,,
6.0,6.0,2015-10-18,IND,,NWE,L 27-34,SS,0.0,0.0%,37.0,54.4%,4.0,11.8%,,,,/players/A/AdamMi21,2015,,,,,,,,,,,,,,,,,,,,,,,
7.0,8.0,2015-11-02,IND,@,CAR,L 26-29,SS,0.0,0.0%,75.0,100.0%,6.0,15.8%,,,,/players/A/AdamMi21,2015,,,,,,,,,,,,,,,,,,,,,,,
8.0,9.0,2015-11-08,IND,,DEN,W 27-24,SS,0.0,0.0%,20.0,38.5%,0.0,0.0%,,,,/players/A/AdamMi21,2015,,,,,,,,,,,,,,,,,,,,,,,
9.0,12.0,2015-12-06,IND,@,PIT,L 10-45,SS,0.0,0.0%,74.0,100.0%,0.0,0.0%,,,,/players/A/AdamMi21,2015,,,,,,,,,,,,,,,,,,,,,,,
10.0,13.0,2015-12-13,IND,@,JAX,L 16-51,SS,0.0,0.0%,65.0,100.0%,7.0,18.4%,,,,/players/A/AdamMi21,2015,,,,,,,,,,,,,,,,,,,,,,,
11.0,14.0,2015-12-20,IND,,HOU,L 10-16,SS,0.0,0.0%,72.0,94.7%,13.0,50.0%,,,,/players/A/AdamMi21,2015,,,,,,,,,,,,,,,,,,,,,,,
12.0,15.0,2015-12-27,IND,@,MIA,W 18-12,SS,0.0,0.0%,72.0,100.0%,11.0,47.8%,,,,/players/A/AdamMi21,2015,,,,,,,,,,,,,,,,,,,,,,,
13.0,16.0,2016-01-03,IND,,TEN,W 30-24,SS,0.0,0.0%,58.0,100.0%,4.0,12.1%,,,,/players/A/AdamMi21,2015,,,,,,,,,,,,,,,,,,,,,,,
1.0,1.0,2015-09-13,HOU,,KAN,L 20-27,LG,75.0,100.0%,0.0,0.0%,3.0,8.8%,,,,/players/A/AdamJe00,2015,,,,,,,,,,,,,,,,,,,,,,,
2.0,2.0,2015-09-20,HOU,@,CAR,L 17-24,LG,42.0,47.7%,0.0,0.0%,1.0,3.1%,,,,/players/A/AdamJe00,2015,,,,,,,,,,,,,,,,,,,,,,,
1.0,1.0,2015-09-13,GNB,@,CHI,W 31-23,WR,57.0,96.6%,0.0,0.0%,1.0,3.8%,,,,/players/A/AdamDa01,2015,,,,,,,,,,,,,,,,,,5.9,9.9,7.9,,,
2.0,2.0,2015-09-20,GNB,,SEA,W 27-17,WR,56.0,78.9%,0.0,0.0%,0.0,0.0%,,,,/players/A/AdamDa01,2015,,,,,,,,,,,,,,,,,,3.3,8.3,5.8,,,
3.0,3.0,2015-09-28,GNB,,KAN,W 38-28,WR,3.0,3.9%,0.0,0.0%,0.0,0.0%,,,,/players/A/AdamDa01,2015,,,,,,,,,,,,,,,,,,,,,,,
4.0,7.0,2015-11-01,GNB,@,DEN,L 10-29,WR,51.0,96.2%,0.0,0.0%,0.0,0.0%,,,,/players/A/AdamDa01,2015,,,,,,,,,,,,,,,,,,0.8,1.8,1.3,,,
5.0,8.0,2015-11-08,GNB,@,CAR,L 29-37,WR,75.0,97.4%,0.0,0.0%,0.0,0.0%,,,,/players/A/AdamDa01,2015,,,,1.0,0.0,0.0,0.0,,,,,,,0.0,0.0,0.0,0.0,11.3,18.3,14.8,,,
6.0,9.0,2015-11-15,GNB,,DET,L 16-18,WR,87.0,100.0%,0.0,0.0%,0.0,0.0%,,,,/players/A/AdamDa01,2015,,,,,,,,,,,,,,,,,,7.9,17.9,12.9,,,
7.0,10.0,2015-11-22,GNB,@,MIN,W 30-13,WR,61.0,79.2%,0.0,0.0%,0.0,0.0%,,,,/players/A/AdamDa01,2015,,,,,,,,,,,,,,,,,,3.6,6.6,5.1,,,
8.0,11.0,2015-11-26,GNB,,CHI,L 13-17,WR,69.0,88.5%,0.0,0.0%,0.0,0.0%,,,,/players/A/AdamDa01,2015,,,,2.0,1.0,8.0,0.0,,,,,,,1.0,0.0,0.0,0.0,1.4,3.4,2.4,,,
9.0,12.0,2015-12-03,GNB,@,DET,W 27-23,WR,64.0,95.5%,0.0,0.0%,0.0,0.0%,,,,/players/A/AdamDa01,2015,,,,2.0,1.0,8.0,1.0,,,,,,,1.0,1.0,8.0,1.0,8.1,12.1,10.1,,,
10.0,13.0,2015-12-13,GNB,,DAL,W 28-7,WR,71.0,81.6%,0.0,0.0%,0.0,0.0%,,,,/players/A/AdamDa01,2015,,,,,,,,,,,,,,,,,,1.2,3.2,2.2,,,
11.0,14.0,2015-12-20,GNB,@,OAK,W 30-20,WR,63.0,82.9%,0.0,0.0%,0.0,0.0%,,,,/players/A/AdamDa01,2015,,,,3.0,1.0,7.0,0.0,,,,,,,0.0,0.0,0.0,0.0,3.2,8.2,5.7,,,
12.0,15.0,2015-12-27,GNB,@,ARI,L 8-38,WR,51.0,70.8%,0.0,0.0%,0.0,0.0%,,,,/players/A/AdamDa01,2015,,,,3.0,2.0,4.0,0.0,,,,,,,3.0,2.0,4.0,0.0,4.2,7.2,5.7,,,
13.0,16.0,2016-01-03,GNB,,MIN,L 13-20,WR,54.0,68.4%,0.0,0.0%,0.0,0.0%,,,,/players/A/AdamDa01,2015,,,,,,,,,,,,,,,,,,5.4,9.4,7.4,,,
1.0,1.0,2015-09-14,SFO,,MIN,W 20-3,RCB,0.0,0.0%,54.0,100.0%,8.0,36.4%,,,,/players/A/AckeKe00,2015,,,,,,,,,,,,,,,,,,,,,,,
2.0,2.0,2015-09-20,SFO,@,PIT,L 18-43,RCB,0.0,0.0%,57.0,100.0%,9.0,36.0%,,,,/players/A/AckeKe00,2015,,,,,,,,,,,,,,,,,,,,,,,
3.0,3.0,2015-09-27,SFO,@,ARI,L 7-47,RCB,0.0,0.0%,67.0,90.5%,14.0,48.3%,,,,/players/A/AckeKe00,2015,,,,,,,,,,,,,,,,,,,,,,,
4.0,4.0,2015-10-04,SFO,,GNB,L 3-17,RCB,0.0,0.0%,71.0,97.3%,13.0,54.2%,,,,/players/A/AckeKe00,2015,,,,,,,,,,,,,,,,,,,,,,,
5.0,5.0,2015-10-11,SFO,@,NYG,L 27-30,RCB,0.0,0.0%,78.0,98.7%,14.0,48.3%,,,,/players/A/AckeKe00,2015,,,,,,,,,,,,,,,,,,,,,,,
6.0,6.0,2015-10-18,SFO,,BAL,W 25-20,RCB,0.0,0.0%,76.0,100.0%,16.0,53.3%,,,,/players/A/AckeKe00,2015,,,,,,,,,,,,,,,,,,,,,,,
7.0,7.0,2015-10-22,SFO,,SEA,L 3-20,RCB,0.0,0.0%,61.0,84.7%,10.0,40.0%,,,,/players/A/AckeKe00,2015,,,,,,,,,,,,,,,,,,,,,,,
8.0,8.0,2015-11-01,SFO,@,STL,L 6-27,RCB,0.0,0.0%,66.0,95.7%,16.0,48.5%,,,,/players/A/AckeKe00,2015,,,,,,,,,,,,,,,,,,,,,,,
9.0,10.0,2015-11-22,SFO,@,SEA,L 13-29,RCB,0.0,0.0%,31.0,39.7%,15.0,51.7%,,,,/players/A/AckeKe00,2015,,,,,,,,,,,,,,,,,,,,,,,
10.0,11.0,2015-11-29,SFO,,ARI,L 13-19,RCB,0.0,0.0%,76.0,95.0%,11.0,47.8%,,,,/players/A/AckeKe00,2015,,,,,,,,,,,,,,,,,,,,,,,
11.0,12.0,2015-12-06,SFO,@,CHI,W 26-20,RCB,0.0,0.0%,77.0,98.7%,10.0,29.4%,,,,/players/A/AckeKe00,2015,,,,,,,,,,,,,,,,,,,,,,,
12.0,13.0,2015-12-13,SFO,@,CLE,L 10-24,RCB,0.0,0.0%,73.0,93.6%,9.0,36.0%,,,,/players/A/AckeKe00,2015,,,,,,,,,,,,,,,,,,,,,,,
13.0,14.0,2015-12-20,SFO,,CIN,L 14-24,RCB,0.0,0.0%,9.0,14.1%,10.0,33.3%,,,,/players/A/AckeKe00,2015,,,,,,,,,,,,,,,,,,,,,,,
14.0,15.0,2015-12-27,SFO,@,DET,L 17-32,CB,0.0,0.0%,11.0,15.5%,9.0,32.1%,,,,/players/A/AckeKe00,2015,,,,,,,,,,,,,,,,,,,,,,,
15.0,16.0,2016-01-03,SFO,,STL,W 19-16,CB,0.0,0.0%,0.0,0.0%,19.0,57.6%,,,,/players/A/AckeKe00,2015,,,,,,,,,,,,,,,,,,,,,,,
1.0,2.0,2015-09-20,CHI,,ARI,L 23-48,LB,0.0,0.0%,14.0,23.7%,29.0,85.3%,,,,/players/A/AchoSa00,2015,,,,,,,,,,,,,,,,,,,,,,,
2.0,3.0,2015-09-27,CHI,@,SEA,L 0-26,LB,0.0,0.0%,31.0,48.4%,27.0,100.0%,,,,/players/A/AchoSa00,2015,,,,,,,,,,,,,,,,,,,,,,,
3.0,4.0,2015-10-04,CHI,,OAK,W 22-20,OLB,0.0,0.0%,27.0,46.6%,23.0,82.1%,,,,/players/A/AchoSa00,2015,,,,,,,,,,,,,,,,,,,,,,,
4.0,5.0,2015-10-11,CHI,@,KAN,W 18-17,LB,0.0,0.0%,35.0,60.3%,26.0,92.9%,,,,/players/A/AchoSa00,2015,,,,,,,,,,,,,,,,,,,,,,,
5.0,6.0,2015-10-18,CHI,@,DET,L 34-37,LB,0.0,0.0%,31.0,38.3%,32.0,84.2%,,,,/players/A/AchoSa00,2015,,,,,,,,,,,,,,,,,,,,,,,
6.0,7.0,2015-11-01,CHI,,MIN,L 20-23,OLB,0.0,0.0%,55.0,94.8%,19.0,65.5%,,,,/players/A/AchoSa00,2015,,,,,,,,,,,,,,,,,,,,,,,
7.0,8.0,2015-11-09,CHI,@,SDG,W 22-19,LB,0.0,0.0%,18.0,25.4%,19.0,82.6%,,,,/players/A/AchoSa00,2015,,,,,,,,,,,,,,,,,,,,,,,
8.0,9.0,2015-11-15,CHI,@,STL,W 37-13,OLB,0.0,0.0%,45.0,71.4%,10.0,30.3%,,,,/players/A/AchoSa00,2015,,,,,,,,,,,,,,,,,,,,,,,
9.0,10.0,2015-11-22,CHI,,DEN,L 15-17,OLB,0.0,0.0%,46.0,66.7%,11.0,44.0%,,,,/players/A/AchoSa00,2015,,,,,,,,,,,,,,,,,,,,,,,
10.0,11.0,2015-11-26,CHI,@,GNB,W 17-13,LB,0.0,0.0%,15.0,19.2%,14.0,53.8%,,,,/players/A/AchoSa00,2015,,,,,,,,,,,,,,,,,,,,,,,
11.0,12.0,2015-12-06,CHI,,SFO,L 20-26,OLB,0.0,0.0%,25.0,41.0%,27.0,79.4%,,,,/players/A/AchoSa00,2015,,,,,,,,,,,,,,,,,,,,,,,
12.0,13.0,2015-12-13,CHI,,WAS,L 21-24,OLB,0.0,0.0%,32.0,45.7%,9.0,34.6%,,,,/players/A/AchoSa00,2015,,,,,,,,,,,,,,,,,,,,,,,
13.0,14.0,2015-12-20,CHI,@,MIN,L 17-38,OLB,0.0,0.0%,40.0,64.5%,14.0,51.9%,,,,/players/A/AchoSa00,2015,,,,,,,,,,,,,,,,,,,,,,,
14.0,15.0,2015-12-27,CHI,@,TAM,W 26-21,LB,0.0,0.0%,14.0,25.0%,12.0,40.0%,,,,/players/A/AchoSa00,2015,,,,,,,,,,,,,,,,,,,,,,,
15.0,16.0,2016-01-03,CHI,,DET,L 20-24,LB,0.0,0.0%,19.0,29.2%,12.0,52.2%,,,,/players/A/AchoSa00,2015,,,,,,,,,,,,,,,,,,,,,,,
1.0,3.0,2015-09-27,HOU,,TAM,W 19-9,LG,90.0,100.0%,0.0,0.0%,5.0,16.1%,,,,/players/A/AbouOd00,2015,,,,,,,,,,,,,,,,,,,,,,,
2.0,4.0,2015-10-04,HOU,@,ATL,L 21-48,LG,57.0,74.0%,0.0,0.0%,4.0,12.9%,,,,/players/A/AbouOd00,2015,,,,,,,,,,,,,,,,,,,,,,,
3.0,5.0,2015-10-08,HOU,,IND,L 20-27,LG,74.0,97.4%,0.0,0.0%,2.0,8.0%,,,,/players/A/AbouOd00,2015,,,,,,,,,,,,,,,,,,,,,,,
4.0,6.0,2015-10-18,HOU,@,JAX,W 31-20,T,0.0,0.0%,0.0,0.0%,6.0,20.7%,,,,/players/A/AbouOd00,2015,,,,,,,,,,,,,,,,,,,,,,,
5.0,7.0,2015-10-25,HOU,@,MIA,L 26-44,RT,37.0,45.7%,0.0,0.0%,3.0,8.1%,,,,/players/A/AbouOd00,2015,,,,,,,,,,,,,,,,,,,,,,,
6.0,8.0,2015-11-01,HOU,,TEN,W 20-6,LG,64.0,100.0%,0.0,0.0%,4.0,13.8%,,,,/players/A/AbouOd00,2015,,,,,,,,,,,,,,,,,,,,,,,
7.0,12.0,2015-12-06,HOU,@,BUF,L 21-30,RG,76.0,100.0%,0.0,0.0%,2.0,6.5%,,,,/players/A/AbouOd00,2015,,,,,,,,,,,,,,,,,,,,,,,
1.0,1.0,2015-09-13,KAN,@,HOU,W 27-20,FS,0.0,0.0%,64.0,85.3%,3.0,8.8%,,,,/players/A/AbduHu99,2015,,,,,,,,,,,,,,,,,,,,,,,
2.0,2.0,2015-09-17,KAN,,DEN,L 24-31,S,0.0,0.0%,27.0,37.0%,6.0,19.4%,,,,/players/A/AbduHu99,2015,,,,,,,,,,,,,,,,,,,,,,,
3.0,3.0,2015-09-28,KAN,@,GNB,L 28-38,S,0.0,0.0%,23.0,30.3%,14.0,45.2%,,,,/players/A/AbduHu99,2015,,,,,,,,,,,,,,,,,,,,,,,
4.0,4.0,2015-10-04,KAN,@,CIN,L 21-36,FS,0.0,0.0%,33.0,61.1%,12.0,40.0%,,,,/players/A/AbduHu99,2015,,,,,,,,,,,,,,,,,,,,,,,
5.0,5.0,2015-10-11,KAN,,CHI,L 17-18,S,0.0,0.0%,44.0,55.7%,15.0,53.6%,,,,/players/A/AbduHu99,2015,,,,,,,,,,,,,,,,,,,,,,,
6.0,6.0,2015-10-18,KAN,@,MIN,L 10-16,FS,0.0,0.0%,31.0,44.3%,19.0,79.2%,,,,/players/A/AbduHu99,2015,,,,,,,,,,,,,,,,,,,,,,,
7.0,7.0,2015-10-25,KAN,,PIT,W 23-13,S,0.0,0.0%,32.0,56.1%,12.0,50.0%,,,,/players/A/AbduHu99,2015,,,,,,,,,,,,,,,,,,,,,,,
8.0,8.0,2015-11-01,KAN,,DET,W 45-10,S,0.0,0.0%,50.0,83.3%,14.0,46.7%,,,,/players/A/AbduHu99,2015,,,,,,,,,,,,,,,,,,,,,,,
9.0,9.0,2015-11-15,KAN,@,DEN,W 29-13,S,0.0,0.0%,54.0,76.1%,13.0,43.3%,,,,/players/A/AbduHu99,2015,,,,,,,,,,,,,,,,,,,,,,,
10.0,10.0,2015-11-22,KAN,@,SDG,W 33-3,S,0.0,0.0%,43.0,71.7%,8.0,28.6%,,,,/players/A/AbduHu99,2015,,,,,,,,,,,,,,,,,,,,,,,
11.0,11.0,2015-11-29,KAN,,BUF,W 30-22,S,0.0,0.0%,32.0,44.4%,14.0,48.3%,,,,/players/A/AbduHu99,2015,,,,,,,,,,,,,,,,,,,,,,,
1.0,1.0,2015-09-13,DET,@,SDG,L 28-33,RB,21.0,44.7%,0.0,0.0%,7.0,24.1%,,,,/players/A/AbduAm00,2015,,,,,,,,,,,,,,,,,,,,,15.4,19.4,17.4
2.0,2.0,2015-09-20,DET,@,MIN,L 16-26,RB,31.0,39.7%,0.0,0.0%,6.0,25.0%,,,,/players/A/AbduAm00,2015,0.0,0.0,0.0,1.0,1.0,9.0,0.0,0.0,0.0,0.0,,,,0.0,0.0,0.0,0.0,,,,1.8,2.8,2.3
3.0,3.0,2015-09-27,DET,,DEN,L 12-24,RB,34.0,45.9%,0.0,0.0%,5.0,20.8%,,,,/players/A/AbduAm00,2015,1.0,-1.0,0.0,1.0,1.0,16.0,1.0,0.0,0.0,0.0,,,,0.0,0.0,0.0,0.0,,,,10.2,12.2,11.2
4.0,4.0,2015-10-05,DET,@,SEA,L 10-13,RB,30.0,53.6%,0.0,0.0%,4.0,16.7%,,,,/players/A/AbduAm00,2015,,,,,,,,,,,,,,,,,,,,,4.4,6.4,5.4
5.0,5.0,2015-10-11,DET,,ARI,L 17-42,RB,15.0,15.8%,0.0,0.0%,3.0,10.0%,,,,/players/A/AbduAm00,2015,,,,,,,,,,,,,,,,,,,,,0.5,2.5,1.0
6.0,6.0,2015-10-18,DET,,CHI,W 37-34,RB,35.0,43.2%,0.0,0.0%,3.0,7.9%,,,,/players/A/AbduAm00,2015,2.0,4.0,0.0,0.0,0.0,0.0,0.0,1.0,1.0,0.0,,,,0.0,0.0,0.0,0.0,,,,6.9,9.9,8.4
7.0,7.0,2015-10-25,DET,,MIN,L 19-28,RB,12.0,22.2%,0.0,0.0%,4.0,12.9%,,,,/players/A/AbduAm00,2015,2.0,17.0,0.0,0.0,0.0,0.0,0.0,0.0,0.0,0.0,,,,0.0,0.0,0.0,0.0,,,,4.3,4.3,4.3
8.0,8.0,2015-11-01,DET,@,KAN,L 10-45,RB,5.0,8.3%,0.0,0.0%,8.0,26.7%,,,,/players/A/AbduAm00,2015,,,,,,,,,,,,,,,,,,,,,0.3,0.3,0.3
9.0,9.0,2015-11-15,DET,@,GNB,W 18-16,RB,12.0,18.5%,0.0,0.0%,3.0,9.4%,,,,/players/A/AbduAm00,2015,,,,,,,,,,,,,,,,,,,,,2.2,3.2,2.7
10.0,10.0,2015-11-22,DET,,OAK,W 18-13,RB,25.0,34.7%,0.0,0.0%,4.0,14.8%,,,,/players/A/AbduAm00,2015,1.0,0.0,0.0,2.0,1.0,2.0,0.0,0.0,0.0,0.0,,,,1.0,1.0,2.0,0.0,,,,4.6,5.6,5.1
11.0,11.0,2015-11-26,DET,,PHI,W 45-14,RB,28.0,38.9%,0.0,0.0%,3.0,9.7%,,,,/players/A/AbduAm00,2015,,,,,,,,,,,,,,,,,,,,,7.5,8.5,8.0
12.0,12.0,2015-12-03,DET,,GNB,L 23-27,RB,20.0,30.8%,0.0,0.0%,4.0,12.9%,,,,/players/A/AbduAm00,2015,1.0,3.0,0.0,0.0,0.0,0.0,0.0,0.0,0.0,0.0,,,,0.0,0.0,0.0,0.0,,,,6.7,6.7,6.7
13.0,13.0,2015-12-13,DET,@,STL,L 14-21,RB,19.0,26.8%,0.0,0.0%,4.0,16.0%,,,,/players/A/AbduAm00,2015,,,,,,,,,,,,,,,,,,,,,4.4,6.4,5.4
14.0,14.0,2015-12-21,DET,@,NOR,W 35-27,RB,22.0,41.5%,0.0,0.0%,5.0,16.7%,,,,/players/A/AbduAm00,2015,2.0,25.0,1.0,0.0,0.0,0.0,0.0,0.0,0.0,0.0,,,,0.0,0.0,0.0,0.0,,,,12.9,15.9,13.9
15.0,15.0,2015-12-27,DET,,SFO,W 32-17,RB,20.0,28.2%,0.0,0.0%,4.0,14.3%,,,,/players/A/AbduAm00,2015,1.0,7.0,0.0,0.0,0.0,0.0,0.0,0.0,0.0,0.0,,,,0.0,0.0,0.0,0.0,,,,4.8,8.8,6.8
16.0,16.0,2016-01-03,DET,@,CHI,W 24-20,RB,26.0,40.0%,0.0,0.0%,5.0,21.7%,,,,/players/A/AbduAm00,2015,1.0,3.0,0.0,1.0,1.0,7.0,0.0,1.0,3.0,0.0,,,,0.0,0.0,0.0,0.0,,,,5.1,6.1,5.6
1.0,1.0,2015-09-13,DET,@,SDG,L 28-33,S,0.0,0.0%,4.0,5.3%,25.0,86.2%,,,,/players/A/AbduIs00,2015,,,,,,,,,,,,,,,,,,,,,,,
2.0,2.0,2015-09-20,DET,@,MIN,L 16-26,S,0.0,0.0%,10.0,15.4%,22.0,91.7%,,,,/players/A/AbduIs00,2015,,,,,,,,,,,,,,,,,,,,,,,
3.0,3.0,2015-09-27,DET,,DEN,L 12-24,S,0.0,0.0%,19.0,29.7%,22.0,91.7%,,,,/players/A/AbduIs00,2015,,,,,,,,,,,,,,,,,,,,,,,
4.0,4.0,2015-10-05,DET,@,SEA,L 10-13,S,0.0,0.0%,10.0,15.4%,21.0,87.5%,,,,/players/A/AbduIs00,2015,,,,,,,,,,,,,,,,,,,,,,,
5.0,5.0,2015-10-11,DET,,ARI,L 17-42,S,0.0,0.0%,15.0,32.6%,27.0,90.0%,,,,/players/A/AbduIs00,2015,,,,,,,,,,,,,,,,,,,,,,,
6.0,6.0,2015-10-18,DET,,CHI,W 37-34,SS,0.0,0.0%,79.0,98.8%,15.0,39.5%,3.0,3.0,3.0,/players/A/AbduIs00,2015,,,,,,,,,,,,,,,,,,,,,,,
7.0,7.0,2015-10-25,DET,,MIN,L 19-28,S,0.0,0.0%,18.0,24.0%,28.0,90.3%,,,,/players/A/AbduIs00,2015,,,,,,,,,,,,,,,,,,,,,,,
8.0,8.0,2015-11-01,DET,@,KAN,L 10-45,S,0.0,0.0%,12.0,18.5%,28.0,93.3%,,,,/players/A/AbduIs00,2015,,,,,,,,,,,,,,,,,,,,,,,
9.0,9.0,2015-11-15,DET,@,GNB,W 18-16,SS,0.0,0.0%,84.0,96.6%,12.0,37.5%,,,,/players/A/AbduIs00,2015,,,,,,,,,,,,,,,,,,,,,,,
10.0,10.0,2015-11-22,DET,,OAK,W 18-13,S,0.0,0.0%,39.0,76.5%,15.0,55.6%,,,,/players/A/AbduIs00,2015,,,,,,,,,,,,,,,,,,,,,,,
11.0,11.0,2015-11-26,DET,,PHI,W 45-14,S,0.0,0.0%,45.0,76.3%,15.0,48.4%,,,,/players/A/AbduIs00,2015,,,,,,,,,,,,,,,,,,,,,,,
12.0,12.0,2015-12-03,DET,,GNB,L 23-27,S,0.0,0.0%,67.0,100.0%,11.0,35.5%,,,,/players/A/AbduIs00,2015,,,,,,,,,,,,,,,,,,,,,,,
13.0,13.0,2015-12-13,DET,@,STL,L 14-21,S,0.0,0.0%,24.0,43.6%,13.0,52.0%,,,,/players/A/AbduIs00,2015,,,,,,,,,,,,,,,,,,,,,,,
14.0,14.0,2015-12-21,DET,@,NOR,W 35-27,SS,0.0,0.0%,77.0,100.0%,11.0,36.7%,,,,/players/A/AbduIs00,2015,,,,,,,,,,,,,,,,,,,,,,,
15.0,15.0,2015-12-27,DET,,SFO,W 32-17,SS,0.0,0.0%,55.0,88.7%,8.0,28.6%,0.4,0.4,0.4,/players/A/AbduIs00,2015,,,,,,,,,,,,,,,,,,,,,,,
16.0,16.0,2016-01-03,DET,@,CHI,W 24-20,SS,0.0,0.0%,11.0,21.2%,0.0,0.0%,,,,/players/A/AbduIs00,2015,,,,,,,,,,,,,,,,,,,,,,,
1.0,5.0,2015-10-11,GNB,,STL,W 24-10,WR,1.0,1.6%,0.0,0.0%,0.0,0.0%,,,,/players/A/AbbrJa00,2015,,,,,,,,,,,,,,,,,,,,,,,
2.0,6.0,2015-10-18,GNB,,SDG,W 27-20,WR,3.0,5.7%,0.0,0.0%,6.0,23.1%,,,,/players/A/AbbrJa00,2015,,,,,,,,,,,,,,,,,,,,,,,
3.0,7.0,2015-11-01,GNB,@,DEN,L 10-29,WR,2.0,3.8%,0.0,0.0%,6.0,24.0%,,,,/players/A/AbbrJa00,2015,,,,,,,,,,,,,,,,,,,,,,,
4.0,8.0,2015-11-08,GNB,@,CAR,L 29-37,,3.0,3.9%,0.0,0.0%,6.0,15.8%,,,,/players/A/AbbrJa00,2015,,,,,,,,,,,,,,,,,,,,,,,
5.0,9.0,2015-11-15,GNB,,DET,L 16-18,WR,19.0,21.8%,0.0,0.0%,0.0,0.0%,,,,/players/A/AbbrJa00,2015,,,,,,,,,,,,,,,,,,5.7,9.7,7.7,,,
6.0,12.0,2015-12-03,GNB,@,DET,W 27-23,WR,16.0,23.9%,0.0,0.0%,0.0,0.0%,,,,/players/A/AbbrJa00,2015,,,,,,,,,,,,,,,,,,1.6,2.6,2.1,,,
7.0,13.0,2015-12-13,GNB,,DAL,W 28-7,WR,14.0,16.1%,0.0,0.0%,0.0,0.0%,,,,/players/A/AbbrJa00,2015,,,,1.0,0.0,0.0,0.0,,,,,,,1.0,0.0,0.0,0.0,,,,,,
8.0,14.0,2015-12-20,GNB,@,OAK,W 30-20,WR,27.0,35.5%,0.0,0.0%,0.0,0.0%,,,,/players/A/AbbrJa00,2015,,,,1.0,1.0,5.0,0.0,,,,,,,0.0,0.0,0.0,0.0,3.3,6.3,4.8,,,
9.0,15.0,2015-12-27,GNB,@,ARI,L 8-38,WR,14.0,19.4%,0.0,0.0%,0.0,0.0%,,,,/players/A/AbbrJa00,2015,,,,,,,,,,,,,,,,,,0.5,1.5,1.0,,,
10.0,16.0,2016-01-03,GNB,,MIN,L 13-20,WR,0.0,0.0%,0.0,0.0%,1.0,3.8%,,,,/players/A/AbbrJa00,2015,,,,,,,,,,,,,,,,,,,,,,,
